-- phpMyAdmin SQL Dump
-- version 5.1.0
-- https://www.phpmyadmin.net/
--
-- Host: 127.0.0.1
-- Waktu pembuatan: 07 Nov 2021 pada 07.25
-- Versi server: 10.4.19-MariaDB
-- Versi PHP: 8.0.6

SET SQL_MODE = "NO_AUTO_VALUE_ON_ZERO";
START TRANSACTION;
SET time_zone = "+00:00";


/*!40101 SET @OLD_CHARACTER_SET_CLIENT=@@CHARACTER_SET_CLIENT */;
/*!40101 SET @OLD_CHARACTER_SET_RESULTS=@@CHARACTER_SET_RESULTS */;
/*!40101 SET @OLD_COLLATION_CONNECTION=@@COLLATION_CONNECTION */;
/*!40101 SET NAMES utf8mb4 */;

--
-- Database: `utszaid`
--

-- --------------------------------------------------------

--
-- Struktur dari tabel `dim_pekerja`
--

CREATE TABLE `dim_pekerja` (
  `noPekerja` int(11) NOT NULL,
  `namaDepan` varchar(50) NOT NULL,
  `namaBelakang` varchar(50) NOT NULL,
  `extension` varchar(10) NOT NULL,
  `email` varchar(100) NOT NULL,
  `kodeKantor` varchar(10) NOT NULL,
  `laporan` int(11) DEFAULT NULL,
  `jabatan` varchar(50) NOT NULL,
  `idPekerja` int(11) NOT NULL
) ENGINE=InnoDB DEFAULT CHARSET=utf8mb4;

--
-- Dumping data untuk tabel `dim_pekerja`
--

INSERT INTO `dim_pekerja` (`noPekerja`, `namaDepan`, `namaBelakang`, `extension`, `email`, `kodeKantor`, `laporan`, `jabatan`, `idPekerja`) VALUES
(1002, 'Diane', 'Murphy', 'x5800', 'dmurphy@classicmodelcars.com', '1', NULL, 'President', 1),
(1056, 'Mary', 'Patterson', 'x4611', 'mpatterso@classicmodelcars.com', '1', 1002, 'VP Sales', 2),
(1076, 'Jeff', 'Firrelli', 'x9273', 'jfirrelli@classicmodelcars.com', '1', 1002, 'VP Marketing', 3),
(1088, 'William', 'Patterson', 'x4871', 'wpatterson@classicmodelcars.com', '6', 1056, 'Sales Manager (APAC)', 4),
(1102, 'Gerard', 'Bondur', 'x5408', 'gbondur@classicmodelcars.com', '4', 1056, 'Sale Manager (EMEA)', 5),
(1143, 'Anthony', 'Bow', 'x5428', 'abow@classicmodelcars.com', '1', 1056, 'Sales Manager (NA)', 6),
(1165, 'Leslie', 'Jennings', 'x3291', 'ljennings@classicmodelcars.com', '1', 1143, 'Sales Rep', 7),
(1166, 'Leslie', 'Thompson', 'x4065', 'lthompson@classicmodelcars.com', '1', 1143, 'Sales Rep', 8),
(1188, 'Julie', 'Firrelli', 'x2173', 'jfirrelli@classicmodelcars.com', '2', 1143, 'Sales Rep', 9),
(1216, 'Steve', 'Patterson', 'x4334', 'spatterson@classicmodelcars.com', '2', 1143, 'Sales Rep', 10),
(1286, 'Foon Yue', 'Tseng', 'x2248', 'ftseng@classicmodelcars.com', '3', 1143, 'Sales Rep', 11),
(1323, 'George', 'Vanauf', 'x4102', 'gvanauf@classicmodelcars.com', '3', 1143, 'Sales Rep', 12),
(1337, 'Loui', 'Bondur', 'x6493', 'lbondur@classicmodelcars.com', '4', 1102, 'Sales Rep', 13),
(1370, 'Gerard', 'Hernandez', 'x2028', 'ghernande@classicmodelcars.com', '4', 1102, 'Sales Rep', 14),
(1401, 'Pamela', 'Castillo', 'x2759', 'pcastillo@classicmodelcars.com', '4', 1102, 'Sales Rep', 15),
(1501, 'Larry', 'Bott', 'x2311', 'lbott@classicmodelcars.com', '7', 1102, 'Sales Rep', 16),
(1504, 'Barry', 'Jones', 'x102', 'bjones@classicmodelcars.com', '7', 1102, 'Sales Rep', 17),
(1611, 'Andy', 'Fixter', 'x101', 'afixter@classicmodelcars.com', '6', 1088, 'Sales Rep', 18),
(1612, 'Peter', 'Marsh', 'x102', 'pmarsh@classicmodelcars.com', '6', 1088, 'Sales Rep', 19),
(1619, 'Tom', 'King', 'x103', 'tking@classicmodelcars.com', '6', 1088, 'Sales Rep', 20),
(1621, 'Mami', 'Nishi', 'x101', 'mnishi@classicmodelcars.com', '5', 1056, 'Sales Rep', 21),
(1625, 'Yoshimi', 'Kato', 'x102', 'ykato@classicmodelcars.com', '5', 1621, 'Sales Rep', 22),
(1702, 'Martin', 'Gerard', 'x2312', 'mgerard@classicmodelcars.com', '4', 1102, 'Sales Rep', 23);

-- --------------------------------------------------------

--
-- Struktur dari tabel `dim_pelanggan`
--

CREATE TABLE `dim_pelanggan` (
  `noPelanggan` int(11) NOT NULL,
  `namaPelanggan` varchar(50) NOT NULL,
  `namaDepan` varchar(50) NOT NULL,
  `namaBelakang` varchar(50) NOT NULL,
  `telepone` varchar(50) NOT NULL,
  `alamatJalan` varchar(50) NOT NULL,
  `kota` varchar(50) NOT NULL,
  `provinsi` varchar(50) DEFAULT NULL,
  `kodePos` varchar(50) DEFAULT NULL,
  `negara` varchar(50) NOT NULL,
  `noSales` int(11) DEFAULT NULL,
  `kreditLimit` decimal(10,2) DEFAULT NULL,
  `idPelanggan` int(11) NOT NULL
) ENGINE=InnoDB DEFAULT CHARSET=utf8mb4;

--
-- Dumping data untuk tabel `dim_pelanggan`
--

INSERT INTO `dim_pelanggan` (`noPelanggan`, `namaPelanggan`, `namaDepan`, `namaBelakang`, `telepone`, `alamatJalan`, `kota`, `provinsi`, `kodePos`, `negara`, `noSales`, `kreditLimit`, `idPelanggan`) VALUES
(103, 'Atelier graphique', 'Carine ', 'Schmitt', '40.32.2555', '54, rue Royale', 'Nantes', NULL, '44000', 'France', 1370, '21000.00', 1),
(112, 'Signal Gift Stores', 'Jean', 'King', '7025551838', '8489 Strong St.', 'Las Vegas', 'NV', '83030', 'USA', 1166, '71800.00', 2),
(114, 'Australian Collectors, Co.', 'Peter', 'Ferguson', '03 9520 4555', '636 St Kilda Road', 'Melbourne', 'Victoria', '3004', 'Australia', 1611, '117300.00', 3),
(119, 'La Rochelle Gifts', 'Janine ', 'Labrune', '40.67.8555', '67, rue des Cinquante Otages', 'Nantes', NULL, '44000', 'France', 1370, '118200.00', 4),
(121, 'Baane Mini Imports', 'Jonas ', 'Bergulfsen', '07-98 9555', 'Erling Skakkes gate 78', 'Stavern', NULL, '4110', 'Norway', 1504, '81700.00', 5),
(124, 'Mini Gifts Distributors Ltd.', 'Susan', 'Nelson', '4155551450', '5677 Strong St.', 'San Rafael', 'CA', '97562', 'USA', 1165, '210500.00', 6),
(125, 'Havel & Zbyszek Co', 'Zbyszek ', 'Piestrzeniewicz', '(26) 642-7555', 'ul. Filtrowa 68', 'Warszawa', NULL, '01-012', 'Poland', NULL, '0.00', 7),
(128, 'Blauer See Auto, Co.', 'Roland', 'Keitel', '+49 69 66 90 2555', 'Lyonerstr. 34', 'Frankfurt', NULL, '60528', 'Germany', 1504, '59700.00', 8),
(129, 'Mini Wheels Co.', 'Julie', 'Murphy', '6505555787', '5557 North Pendale Street', 'San Francisco', 'CA', '94217', 'USA', 1165, '64600.00', 9),
(131, 'Land of Toys Inc.', 'Kwai', 'Lee', '2125557818', '897 Long Airport Avenue', 'NYC', 'NY', '10022', 'USA', 1323, '114900.00', 10),
(141, 'Euro+ Shopping Channel', 'Diego ', 'Freyre', '(91) 555 94 44', 'C/ Moralzarzal, 86', 'Madrid', NULL, '28034', 'Spain', 1370, '227600.00', 11),
(144, 'Volvo Model Replicas, Co', 'Christina ', 'Berglund', '0921-12 3555', 'Berguvsvägen  8', 'Luleå', NULL, 'S-958 22', 'Sweden', 1504, '53100.00', 12),
(145, 'Danish Wholesale Imports', 'Jytte ', 'Petersen', '31 12 3555', 'Vinbæltet 34', 'Kobenhavn', NULL, '1734', 'Denmark', 1401, '83400.00', 13),
(146, 'Saveley & Henriot, Co.', 'Mary ', 'Saveley', '78.32.5555', '2, rue du Commerce', 'Lyon', NULL, '69004', 'France', 1337, '123900.00', 14),
(148, 'Dragon Souveniers, Ltd.', 'Eric', 'Natividad', '+65 221 7555', 'Bronz Sok.', 'Singapore', NULL, '079903', 'Singapore', 1621, '103800.00', 15),
(151, 'Muscle Machine Inc', 'Jeff', 'Young', '2125557413', '4092 Furth Circle', 'NYC', 'NY', '10022', 'USA', 1286, '138500.00', 16),
(157, 'Diecast Classics Inc.', 'Kelvin', 'Leong', '2155551555', '7586 Pompton St.', 'Allentown', 'PA', '70267', 'USA', 1216, '100600.00', 17),
(161, 'Technics Stores Inc.', 'Juri', 'Hashimoto', '6505556809', '9408 Furth Circle', 'Burlingame', 'CA', '94217', 'USA', 1165, '84600.00', 18),
(166, 'Handji Gifts& Co', 'Wendy', 'Victorino', '+65 224 1555', '106 Linden Road Sandown', 'Singapore', NULL, '069045', 'Singapore', 1612, '97900.00', 19),
(167, 'Herkku Gifts', 'Veysel', 'Oeztan', '+47 2267 3215', 'Brehmen St. 121', 'Bergen', NULL, 'N 5804', 'Norway  ', 1504, '96800.00', 20),
(168, 'American Souvenirs Inc', 'Keith', 'Franco', '2035557845', '149 Spinnaker Dr.', 'New Haven', 'CT', '97823', 'USA', 1286, '0.00', 21),
(169, 'Porto Imports Co.', 'Isabel ', 'de Castro', '(1) 356-5555', 'Estrada da saúde n. 58', 'Lisboa', NULL, '1756', 'Portugal', NULL, '0.00', 22),
(171, 'Daedalus Designs Imports', 'Martine ', 'Rancé', '20.16.1555', '184, chaussée de Tournai', 'Lille', NULL, '59000', 'France', 1370, '82900.00', 23),
(172, 'La Corne D\'abondance, Co.', 'Marie', 'Bertrand', '(1) 42.34.2555', '265, boulevard Charonne', 'Paris', NULL, '75012', 'France', 1337, '84300.00', 24),
(173, 'Cambridge Collectables Co.', 'Jerry', 'Tseng', '6175555555', '4658 Baden Av.', 'Cambridge', 'MA', '51247', 'USA', 1188, '43400.00', 25),
(175, 'Gift Depot Inc.', 'Julie', 'King', '2035552570', '25593 South Bay Ln.', 'Bridgewater', 'CT', '97562', 'USA', 1323, '84300.00', 26),
(177, 'Osaka Souveniers Co.', 'Mory', 'Kentary', '+81 06 6342 5555', '1-6-20 Dojima', 'Kita-ku', 'Osaka', ' 530-0003', 'Japan', 1621, '81200.00', 27),
(181, 'Vitachrome Inc.', 'Michael', 'Frick', '2125551500', '2678 Kingston Rd.', 'NYC', 'NY', '10022', 'USA', 1286, '76400.00', 28),
(186, 'Toys of Finland, Co.', 'Matti', 'Karttunen', '90-224 8555', 'Keskuskatu 45', 'Helsinki', NULL, '21240', 'Finland', 1501, '96500.00', 29),
(187, 'AV Stores, Co.', 'Rachel', 'Ashworth', '(171) 555-1555', 'Fauntleroy Circus', 'Manchester', NULL, 'EC2 5NT', 'UK', 1501, '136800.00', 30),
(189, 'Clover Collections, Co.', 'Dean', 'Cassidy', '+353 1862 1555', '25 Maiden Lane', 'Dublin', NULL, '2', 'Ireland', 1504, '69400.00', 31),
(198, 'Auto-Moto Classics Inc.', 'Leslie', 'Taylor', '6175558428', '16780 Pompton St.', 'Brickhaven', 'MA', '58339', 'USA', 1216, '23000.00', 32),
(201, 'UK Collectables, Ltd.', 'Elizabeth', 'Devon', '(171) 555-2282', '12, Berkeley Gardens Blvd', 'Liverpool', NULL, 'WX1 6LT', 'UK', 1501, '92700.00', 33),
(202, 'Canadian Gift Exchange Network', 'Yoshi ', 'Tamuri', '(604) 555-3392', '1900 Oak St.', 'Vancouver', 'BC', 'V3F 2K1', 'Canada', 1323, '90300.00', 34),
(204, 'Online Mini Collectables', 'Miguel', 'Barajas', '6175557555', '7635 Spinnaker Dr.', 'Brickhaven', 'MA', '58339', 'USA', 1188, '68700.00', 35),
(205, 'Toys4GrownUps.com', 'Julie', 'Young', '6265557265', '78934 Hillside Dr.', 'Pasadena', 'CA', '90003', 'USA', 1166, '90700.00', 36),
(206, 'Asian Shopping Network, Co', 'Brydey', 'Walker', '+612 9411 1555', 'Suntec Tower Three', 'Singapore', NULL, '038988', 'Singapore', NULL, '0.00', 37),
(209, 'Mini Caravy', 'Frédérique ', 'Citeaux', '88.60.1555', '24, place Kléber', 'Strasbourg', NULL, '67000', 'France', 1370, '53800.00', 38),
(211, 'King Kong Collectables, Co.', 'Mike', 'Gao', '+852 2251 1555', 'Bank of China Tower', 'Central Hong Kong', NULL, NULL, 'Hong Kong', 1621, '58600.00', 39),
(216, 'Enaco Distributors', 'Eduardo ', 'Saavedra', '(93) 203 4555', 'Rambla de Cataluña, 23', 'Barcelona', NULL, '08022', 'Spain', 1702, '60300.00', 40),
(219, 'Boards & Toys Co.', 'Mary', 'Young', '3105552373', '4097 Douglas Av.', 'Glendale', 'CA', '92561', 'USA', 1166, '11000.00', 41),
(223, 'Natürlich Autos', 'Horst ', 'Kloss', '0372-555188', 'Taucherstraße 10', 'Cunewalde', NULL, '01307', 'Germany', NULL, '0.00', 42),
(227, 'Heintze Collectables', 'Palle', 'Ibsen', '86 21 3555', 'Smagsloget 45', 'Århus', NULL, '8200', 'Denmark', 1401, '120800.00', 43),
(233, 'Québec Home Shopping Network', 'Jean ', 'Fresnière', '(514) 555-8054', '43 rue St. Laurent', 'Montréal', 'Québec', 'H1J 1C3', 'Canada', 1286, '48700.00', 44),
(237, 'ANG Resellers', 'Alejandra ', 'Camino', '(91) 745 6555', 'Gran Vía, 1', 'Madrid', NULL, '28001', 'Spain', NULL, '0.00', 45),
(239, 'Collectable Mini Designs Co.', 'Valarie', 'Thompson', '7605558146', '361 Furth Circle', 'San Diego', 'CA', '91217', 'USA', 1166, '105000.00', 46),
(240, 'giftsbymail.co.uk', 'Helen ', 'Bennett', '(198) 555-8888', 'Garden House', 'Cowes', 'Isle of Wight', 'PO31 7PJ', 'UK', 1501, '93900.00', 47),
(242, 'Alpha Cognac', 'Annette ', 'Roulet', '61.77.6555', '1 rue Alsace-Lorraine', 'Toulouse', NULL, '31000', 'France', 1370, '61100.00', 48),
(247, 'Messner Shopping Network', 'Renate ', 'Messner', '069-0555984', 'Magazinweg 7', 'Frankfurt', NULL, '60528', 'Germany', NULL, '0.00', 49),
(249, 'Amica Models & Co.', 'Paolo ', 'Accorti', '011-4988555', 'Via Monte Bianco 34', 'Torino', NULL, '10100', 'Italy', 1401, '113000.00', 50),
(250, 'Lyon Souveniers', 'Daniel', 'Da Silva', '+33 1 46 62 7555', '27 rue du Colonel Pierre Avia', 'Paris', NULL, '75508', 'France', 1337, '68100.00', 51),
(256, 'Auto Associés & Cie.', 'Daniel ', 'Tonini', '30.59.8555', '67, avenue de l\'Europe', 'Versailles', NULL, '78000', 'France', 1370, '77900.00', 52),
(259, 'Toms Spezialitäten, Ltd', 'Henriette ', 'Pfalzheim', '0221-5554327', 'Mehrheimerstr. 369', 'Köln', NULL, '50739', 'Germany', 1504, '120400.00', 53),
(260, 'Royal Canadian Collectables, Ltd.', 'Elizabeth ', 'Lincoln', '(604) 555-4555', '23 Tsawassen Blvd.', 'Tsawassen', 'BC', 'T2F 8M4', 'Canada', 1323, '89600.00', 54),
(273, 'Franken Gifts, Co', 'Peter ', 'Franken', '089-0877555', 'Berliner Platz 43', 'München', NULL, '80805', 'Germany', NULL, '0.00', 55),
(276, 'Anna\'s Decorations, Ltd', 'Anna', 'O\'Hara', '02 9936 8555', '201 Miller Street', 'North Sydney', 'NSW', '2060', 'Australia', 1611, '107800.00', 56),
(278, 'Rovelli Gifts', 'Giovanni ', 'Rovelli', '035-640555', 'Via Ludovico il Moro 22', 'Bergamo', NULL, '24100', 'Italy', 1401, '119600.00', 57),
(282, 'Souveniers And Things Co.', 'Adrian', 'Huxley', '+61 2 9495 8555', 'Monitor Money Building', 'Chatswood', 'NSW', '2067', 'Australia', 1611, '93300.00', 58),
(286, 'Marta\'s Replicas Co.', 'Marta', 'Hernandez', '6175558555', '39323 Spinnaker Dr.', 'Cambridge', 'MA', '51247', 'USA', 1216, '123700.00', 59),
(293, 'BG&E Collectables', 'Ed', 'Harrison', '+41 26 425 50 01', 'Rte des Arsenaux 41 ', 'Fribourg', NULL, '1700', 'Switzerland', NULL, '0.00', 60),
(298, 'Vida Sport, Ltd', 'Mihael', 'Holz', '0897-034555', 'Grenzacherweg 237', 'Genève', NULL, '1203', 'Switzerland', 1702, '141300.00', 61),
(299, 'Norway Gifts By Mail, Co.', 'Jan', 'Klaeboe', '+47 2212 1555', 'Drammensveien 126A', 'Oslo', NULL, 'N 0106', 'Norway  ', 1504, '95100.00', 62),
(303, 'Schuyler Imports', 'Bradley', 'Schuyler', '+31 20 491 9555', 'Kingsfordweg 151', 'Amsterdam', NULL, '1043 GR', 'Netherlands', NULL, '0.00', 63),
(307, 'Der Hund Imports', 'Mel', 'Andersen', '030-0074555', 'Obere Str. 57', 'Berlin', NULL, '12209', 'Germany', NULL, '0.00', 64),
(311, 'Oulu Toy Supplies, Inc.', 'Pirkko', 'Koskitalo', '981-443655', 'Torikatu 38', 'Oulu', NULL, '90110', 'Finland', 1501, '90500.00', 65),
(314, 'Petit Auto', 'Catherine ', 'Dewey', '(02) 5554 67', 'Rue Joseph-Bens 532', 'Bruxelles', NULL, 'B-1180', 'Belgium', 1401, '79900.00', 66),
(319, 'Mini Classics', 'Steve', 'Frick', '9145554562', '3758 North Pendale Street', 'White Plains', 'NY', '24067', 'USA', 1323, '102700.00', 67),
(320, 'Mini Creations Ltd.', 'Wing', 'Huang', '5085559555', '4575 Hillside Dr.', 'New Bedford', 'MA', '50553', 'USA', 1188, '94500.00', 68),
(321, 'Corporate Gift Ideas Co.', 'Julie', 'Brown', '6505551386', '7734 Strong St.', 'San Francisco', 'CA', '94217', 'USA', 1165, '105000.00', 69),
(323, 'Down Under Souveniers, Inc', 'Mike', 'Graham', '+64 9 312 5555', '162-164 Grafton Road', 'Auckland  ', NULL, NULL, 'New Zealand', 1612, '88000.00', 70),
(324, 'Stylish Desk Decors, Co.', 'Ann ', 'Brown', '(171) 555-0297', '35 King George', 'London', NULL, 'WX3 6FW', 'UK', 1501, '77000.00', 71),
(328, 'Tekni Collectables Inc.', 'William', 'Brown', '2015559350', '7476 Moss Rd.', 'Newark', 'NJ', '94019', 'USA', 1323, '43000.00', 72),
(333, 'Australian Gift Network, Co', 'Ben', 'Calaghan', '61-7-3844-6555', '31 Duncan St. West End', 'South Brisbane', 'Queensland', '4101', 'Australia', 1611, '51600.00', 73),
(334, 'Suominen Souveniers', 'Kalle', 'Suominen', '+358 9 8045 555', 'Software Engineering Center', 'Espoo', NULL, 'FIN-02271', 'Finland', 1501, '98800.00', 74),
(335, 'Cramer Spezialitäten, Ltd', 'Philip ', 'Cramer', '0555-09555', 'Maubelstr. 90', 'Brandenburg', NULL, '14776', 'Germany', NULL, '0.00', 75),
(339, 'Classic Gift Ideas, Inc', 'Francisca', 'Cervantes', '2155554695', '782 First Street', 'Philadelphia', 'PA', '71270', 'USA', 1188, '81100.00', 76),
(344, 'CAF Imports', 'Jesus', 'Fernandez', '+34 913 728 555', 'Merchants House', 'Madrid', NULL, '28023', 'Spain', 1702, '59600.00', 77),
(347, 'Men \'R\' US Retailers, Ltd.', 'Brian', 'Chandler', '2155554369', '6047 Douglas Av.', 'Los Angeles', 'CA', '91003', 'USA', 1166, '57700.00', 78),
(348, 'Asian Treasures, Inc.', 'Patricia ', 'McKenna', '2967 555', '8 Johnstown Road', 'Cork', 'Co. Cork', NULL, 'Ireland', NULL, '0.00', 79),
(350, 'Marseille Mini Autos', 'Laurence ', 'Lebihan', '91.24.4555', '12, rue des Bouchers', 'Marseille', NULL, '13008', 'France', 1337, '65000.00', 80),
(353, 'Reims Collectables', 'Paul ', 'Henriot', '26.47.1555', '59 rue de l\'Abbaye', 'Reims', NULL, '51100', 'France', 1337, '81100.00', 81),
(356, 'SAR Distributors, Co', 'Armand', 'Kuger', '+27 21 550 3555', '1250 Pretorius Street', 'Hatfield', 'Pretoria', '0028', 'South Africa', NULL, '0.00', 82),
(357, 'GiftsForHim.com', 'Wales', 'MacKinlay', '64-9-3763555', '199 Great North Road', 'Auckland', NULL, NULL, 'New Zealand', 1612, '77700.00', 83),
(361, 'Kommission Auto', 'Karin', 'Josephs', '0251-555259', 'Luisenstr. 48', 'Münster', NULL, '44087', 'Germany', NULL, '0.00', 84),
(362, 'Gifts4AllAges.com', 'Juri', 'Yoshido', '6175559555', '8616 Spinnaker Dr.', 'Boston', 'MA', '51003', 'USA', 1216, '41900.00', 85),
(363, 'Online Diecast Creations Co.', 'Dorothy', 'Young', '6035558647', '2304 Long Airport Avenue', 'Nashua', 'NH', '62005', 'USA', 1216, '114200.00', 86),
(369, 'Lisboa Souveniers, Inc', 'Lino ', 'Rodriguez', '(1) 354-2555', 'Jardim das rosas n. 32', 'Lisboa', NULL, '1675', 'Portugal', NULL, '0.00', 87),
(376, 'Precious Collectables', 'Braun', 'Urs', '0452-076555', 'Hauptstr. 29', 'Bern', NULL, '3012', 'Switzerland', 1702, '0.00', 88),
(379, 'Collectables For Less Inc.', 'Allen', 'Nelson', '6175558555', '7825 Douglas Av.', 'Brickhaven', 'MA', '58339', 'USA', 1188, '70700.00', 89),
(381, 'Royale Belge', 'Pascale ', 'Cartrain', '(071) 23 67 2555', 'Boulevard Tirou, 255', 'Charleroi', NULL, 'B-6000', 'Belgium', 1401, '23500.00', 90),
(382, 'Salzburg Collectables', 'Georg ', 'Pipps', '6562-9555', 'Geislweg 14', 'Salzburg', NULL, '5020', 'Austria', 1401, '71700.00', 91),
(385, 'Cruz & Sons Co.', 'Arnold', 'Cruz', '+63 2 555 3587', '15 McCallum Street', 'Makati City', NULL, '1227 MM', 'Philippines', 1621, '81500.00', 92),
(386, 'L\'ordine Souveniers', 'Maurizio ', 'Moroni', '0522-556555', 'Strada Provinciale 124', 'Reggio Emilia', NULL, '42100', 'Italy', 1401, '121400.00', 93),
(398, 'Tokyo Collectables, Ltd', 'Akiko', 'Shimamura', '+81 3 3584 0555', '2-2-8 Roppongi', 'Minato-ku', 'Tokyo', '106-0032', 'Japan', 1621, '94400.00', 94),
(406, 'Auto Canal+ Petit', 'Dominique', 'Perrier', '(1) 47.55.6555', '25, rue Lauriston', 'Paris', NULL, '75016', 'France', 1337, '95000.00', 95),
(409, 'Stuttgart Collectable Exchange', 'Rita ', 'Müller', '0711-555361', 'Adenauerallee 900', 'Stuttgart', NULL, '70563', 'Germany', NULL, '0.00', 96),
(412, 'Extreme Desk Decorations, Ltd', 'Sarah', 'McRoy', '04 499 9555', '101 Lambton Quay', 'Wellington', NULL, NULL, 'New Zealand', 1612, '86800.00', 97),
(415, 'Bavarian Collectables Imports, Co.', 'Michael', 'Donnermeyer', ' +49 89 61 08 9555', 'Hansastr. 15', 'Munich', NULL, '80686', 'Germany', 1504, '77000.00', 98),
(424, 'Classic Legends Inc.', 'Maria', 'Hernandez', '2125558493', '5905 Pompton St.', 'NYC', 'NY', '10022', 'USA', 1286, '67500.00', 99),
(443, 'Feuer Online Stores, Inc', 'Alexander ', 'Feuer', '0342-555176', 'Heerstr. 22', 'Leipzig', NULL, '04179', 'Germany', NULL, '0.00', 100),
(447, 'Gift Ideas Corp.', 'Dan', 'Lewis', '2035554407', '2440 Pompton St.', 'Glendale', 'CT', '97561', 'USA', 1323, '49700.00', 101),
(448, 'Scandinavian Gift Ideas', 'Martha', 'Larsson', '0695-34 6555', 'Åkergatan 24', 'Bräcke', NULL, 'S-844 67', 'Sweden', 1504, '116400.00', 102),
(450, 'The Sharp Gifts Warehouse', 'Sue', 'Frick', '4085553659', '3086 Ingle Ln.', 'San Jose', 'CA', '94217', 'USA', 1165, '77600.00', 103),
(452, 'Mini Auto Werke', 'Roland ', 'Mendel', '7675-3555', 'Kirchgasse 6', 'Graz', NULL, '8010', 'Austria', 1401, '45300.00', 104),
(455, 'Super Scale Inc.', 'Leslie', 'Murphy', '2035559545', '567 North Pendale Street', 'New Haven', 'CT', '97823', 'USA', 1286, '95400.00', 105),
(456, 'Microscale Inc.', 'Yu', 'Choi', '2125551957', '5290 North Pendale Street', 'NYC', 'NY', '10022', 'USA', 1286, '39800.00', 106),
(458, 'Corrida Auto Replicas, Ltd', 'Martín ', 'Sommer', '(91) 555 22 82', 'C/ Araquil, 67', 'Madrid', NULL, '28023', 'Spain', 1702, '104600.00', 107),
(459, 'Warburg Exchange', 'Sven ', 'Ottlieb', '0241-039123', 'Walserweg 21', 'Aachen', NULL, '52066', 'Germany', NULL, '0.00', 108),
(462, 'FunGiftIdeas.com', 'Violeta', 'Benitez', '5085552555', '1785 First Street', 'New Bedford', 'MA', '50553', 'USA', 1216, '85800.00', 109),
(465, 'Anton Designs, Ltd.', 'Carmen', 'Anton', '+34 913 728555', 'c/ Gobelas, 19-1 Urb. La Florida', 'Madrid', NULL, '28023', 'Spain', NULL, '0.00', 110),
(471, 'Australian Collectables, Ltd', 'Sean', 'Clenahan', '61-9-3844-6555', '7 Allen Street', 'Glen Waverly', 'Victoria', '3150', 'Australia', 1611, '60300.00', 111),
(473, 'Frau da Collezione', 'Franco', 'Ricotti', '+39 022515555', '20093 Cologno Monzese', 'Milan', NULL, NULL, 'Italy', 1401, '34800.00', 112),
(475, 'West Coast Collectables Co.', 'Steve', 'Thompson', '3105553722', '3675 Furth Circle', 'Burbank', 'CA', '94019', 'USA', 1166, '55400.00', 113),
(477, 'Mit Vergnügen & Co.', 'Hanna ', 'Moos', '0621-08555', 'Forsterstr. 57', 'Mannheim', NULL, '68306', 'Germany', NULL, '0.00', 114),
(480, 'Kremlin Collectables, Co.', 'Alexander ', 'Semenov', '+7 812 293 0521', '2 Pobedy Square', 'Saint Petersburg', NULL, '196143', 'Russia', NULL, '0.00', 115),
(481, 'Raanan Stores, Inc', 'Raanan', 'Altagar,G M', '+ 972 9 959 8555', '3 Hagalim Blv.', 'Herzlia', NULL, '47625', 'Israel', NULL, '0.00', 116),
(484, 'Iberia Gift Imports, Corp.', 'José Pedro ', 'Roel', '(95) 555 82 82', 'C/ Romero, 33', 'Sevilla', NULL, '41101', 'Spain', 1702, '65700.00', 117),
(486, 'Motor Mint Distributors Inc.', 'Rosa', 'Salazar', '2155559857', '11328 Douglas Av.', 'Philadelphia', 'PA', '71270', 'USA', 1323, '72600.00', 118),
(487, 'Signal Collectibles Ltd.', 'Sue', 'Taylor', '4155554312', '2793 Furth Circle', 'Brisbane', 'CA', '94217', 'USA', 1165, '60300.00', 119),
(489, 'Double Decker Gift Stores, Ltd', 'Thomas ', 'Smith', '(171) 555-7555', '120 Hanover Sq.', 'London', NULL, 'WA1 1DP', 'UK', 1501, '43300.00', 120),
(495, 'Diecast Collectables', 'Valarie', 'Franco', '6175552555', '6251 Ingle Ln.', 'Boston', 'MA', '51003', 'USA', 1188, '85100.00', 121),
(496, 'Kelly\'s Gift Shop', 'Tony', 'Snowden', '+64 9 5555500', 'Arenales 1938 3\'A\'', 'Auckland  ', NULL, NULL, 'New Zealand', 1612, '110000.00', 122);

-- --------------------------------------------------------

--
-- Struktur dari tabel `dim_pesanan`
--

CREATE TABLE `dim_pesanan` (
  `noPesanan` int(11) NOT NULL,
  `tanggalPesanan` date NOT NULL,
  `tanggalExpired` date NOT NULL,
  `tanggalPengiriman` date DEFAULT NULL,
  `status` varchar(15) NOT NULL,
  `komentar` text DEFAULT NULL,
  `noPelanggan` int(11) NOT NULL,
  `idPesanan` int(11) NOT NULL
) ENGINE=InnoDB DEFAULT CHARSET=utf8mb4;

--
-- Dumping data untuk tabel `dim_pesanan`
--

INSERT INTO `dim_pesanan` (`noPesanan`, `tanggalPesanan`, `tanggalExpired`, `tanggalPengiriman`, `status`, `komentar`, `noPelanggan`, `idPesanan`) VALUES
(10100, '2003-01-06', '2003-01-13', '2003-01-10', 'Shipped', NULL, 363, 1),
(10101, '2003-01-09', '2003-01-18', '2003-01-11', 'Shipped', 'Check on availability.', 128, 2),
(10102, '2003-01-10', '2003-01-18', '2003-01-14', 'Shipped', NULL, 181, 3),
(10103, '2003-01-29', '2003-02-07', '2003-02-02', 'Shipped', NULL, 121, 4),
(10104, '2003-01-31', '2003-02-09', '2003-02-01', 'Shipped', NULL, 141, 5),
(10105, '2003-02-11', '2003-02-21', '2003-02-12', 'Shipped', NULL, 145, 6),
(10106, '2003-02-17', '2003-02-24', '2003-02-21', 'Shipped', NULL, 278, 7),
(10107, '2003-02-24', '2003-03-03', '2003-02-26', 'Shipped', 'Difficult to negotiate with customer. We need more marketing materials', 131, 8),
(10108, '2003-03-03', '2003-03-12', '2003-03-08', 'Shipped', NULL, 385, 9),
(10109, '2003-03-10', '2003-03-19', '2003-03-11', 'Shipped', 'Customer requested that FedEx Ground is used for this shipping', 486, 10),
(10110, '2003-03-18', '2003-03-24', '2003-03-20', 'Shipped', NULL, 187, 11),
(10111, '2003-03-25', '2003-03-31', '2003-03-30', 'Shipped', NULL, 129, 12),
(10112, '2003-03-24', '2003-04-03', '2003-03-29', 'Shipped', 'Customer requested that ad materials (such as posters, pamphlets) be included in the shippment', 144, 13),
(10113, '2003-03-26', '2003-04-02', '2003-03-27', 'Shipped', NULL, 124, 14),
(10114, '2003-04-01', '2003-04-07', '2003-04-02', 'Shipped', NULL, 172, 15),
(10115, '2003-04-04', '2003-04-12', '2003-04-07', 'Shipped', NULL, 424, 16),
(10116, '2003-04-11', '2003-04-19', '2003-04-13', 'Shipped', NULL, 381, 17),
(10117, '2003-04-16', '2003-04-24', '2003-04-17', 'Shipped', NULL, 148, 18),
(10118, '2003-04-21', '2003-04-29', '2003-04-26', 'Shipped', 'Customer has worked with some of our vendors in the past and is aware of their MSRP', 216, 19),
(10119, '2003-04-28', '2003-05-05', '2003-05-02', 'Shipped', NULL, 382, 20),
(10120, '2003-04-29', '2003-05-08', '2003-05-01', 'Shipped', NULL, 114, 21),
(10121, '2003-05-07', '2003-05-13', '2003-05-13', 'Shipped', NULL, 353, 22),
(10122, '2003-05-08', '2003-05-16', '2003-05-13', 'Shipped', NULL, 350, 23),
(10123, '2003-05-20', '2003-05-29', '2003-05-22', 'Shipped', NULL, 103, 24),
(10124, '2003-05-21', '2003-05-29', '2003-05-25', 'Shipped', 'Customer very concerned about the exact color of the models. There is high risk that he may dispute the order because there is a slight color mismatch', 112, 25),
(10125, '2003-05-21', '2003-05-27', '2003-05-24', 'Shipped', NULL, 114, 26),
(10126, '2003-05-28', '2003-06-07', '2003-06-02', 'Shipped', NULL, 458, 27),
(10127, '2003-06-03', '2003-06-09', '2003-06-06', 'Shipped', 'Customer requested special shippment. The instructions were passed along to the warehouse', 151, 28),
(10128, '2003-06-06', '2003-06-12', '2003-06-11', 'Shipped', NULL, 141, 29),
(10129, '2003-06-12', '2003-06-18', '2003-06-14', 'Shipped', NULL, 324, 30),
(10130, '2003-06-16', '2003-06-24', '2003-06-21', 'Shipped', NULL, 198, 31),
(10131, '2003-06-16', '2003-06-25', '2003-06-21', 'Shipped', NULL, 447, 32),
(10132, '2003-06-25', '2003-07-01', '2003-06-28', 'Shipped', NULL, 323, 33),
(10133, '2003-06-27', '2003-07-04', '2003-07-03', 'Shipped', NULL, 141, 34),
(10134, '2003-07-01', '2003-07-10', '2003-07-05', 'Shipped', NULL, 250, 35),
(10135, '2003-07-02', '2003-07-12', '2003-07-03', 'Shipped', NULL, 124, 36),
(10136, '2003-07-04', '2003-07-14', '2003-07-06', 'Shipped', 'Customer is interested in buying more Ferrari models', 242, 37),
(10137, '2003-07-10', '2003-07-20', '2003-07-14', 'Shipped', NULL, 353, 38),
(10138, '2003-07-07', '2003-07-16', '2003-07-13', 'Shipped', NULL, 496, 39),
(10139, '2003-07-16', '2003-07-23', '2003-07-21', 'Shipped', NULL, 282, 40),
(10140, '2003-07-24', '2003-08-02', '2003-07-30', 'Shipped', NULL, 161, 41),
(10141, '2003-08-01', '2003-08-09', '2003-08-04', 'Shipped', NULL, 334, 42),
(10142, '2003-08-08', '2003-08-16', '2003-08-13', 'Shipped', NULL, 124, 43),
(10143, '2003-08-10', '2003-08-18', '2003-08-12', 'Shipped', 'Can we deliver the new Ford Mustang models by end-of-quarter?', 320, 44),
(10144, '2003-08-13', '2003-08-21', '2003-08-14', 'Shipped', NULL, 381, 45),
(10145, '2003-08-25', '2003-09-02', '2003-08-31', 'Shipped', NULL, 205, 46),
(10146, '2003-09-03', '2003-09-13', '2003-09-06', 'Shipped', NULL, 447, 47),
(10147, '2003-09-05', '2003-09-12', '2003-09-09', 'Shipped', NULL, 379, 48),
(10148, '2003-09-11', '2003-09-21', '2003-09-15', 'Shipped', 'They want to reevaluate their terms agreement with Finance.', 276, 49),
(10149, '2003-09-12', '2003-09-18', '2003-09-17', 'Shipped', NULL, 487, 50),
(10150, '2003-09-19', '2003-09-27', '2003-09-21', 'Shipped', 'They want to reevaluate their terms agreement with Finance.', 148, 51),
(10151, '2003-09-21', '2003-09-30', '2003-09-24', 'Shipped', NULL, 311, 52),
(10152, '2003-09-25', '2003-10-03', '2003-10-01', 'Shipped', NULL, 333, 53),
(10153, '2003-09-28', '2003-10-05', '2003-10-03', 'Shipped', NULL, 141, 54),
(10154, '2003-10-02', '2003-10-12', '2003-10-08', 'Shipped', NULL, 219, 55),
(10155, '2003-10-06', '2003-10-13', '2003-10-07', 'Shipped', NULL, 186, 56),
(10156, '2003-10-08', '2003-10-17', '2003-10-11', 'Shipped', NULL, 141, 57),
(10157, '2003-10-09', '2003-10-15', '2003-10-14', 'Shipped', NULL, 473, 58),
(10158, '2003-10-10', '2003-10-18', '2003-10-15', 'Shipped', NULL, 121, 59),
(10159, '2003-10-10', '2003-10-19', '2003-10-16', 'Shipped', NULL, 321, 60),
(10160, '2003-10-11', '2003-10-17', '2003-10-17', 'Shipped', NULL, 347, 61),
(10161, '2003-10-17', '2003-10-25', '2003-10-20', 'Shipped', NULL, 227, 62),
(10162, '2003-10-18', '2003-10-26', '2003-10-19', 'Shipped', NULL, 321, 63),
(10163, '2003-10-20', '2003-10-27', '2003-10-24', 'Shipped', NULL, 424, 64),
(10164, '2003-10-21', '2003-10-30', '2003-10-23', 'Resolved', 'This order was disputed, but resolved on 11/1/2003; Customer doesn\'t like the colors and precision of the models.', 452, 65),
(10165, '2003-10-22', '2003-10-31', '2003-12-26', 'Shipped', 'This order was on hold because customers\'s credit limit had been exceeded. Order will ship when payment is received', 148, 66),
(10166, '2003-10-21', '2003-10-30', '2003-10-27', 'Shipped', NULL, 462, 67),
(10167, '2003-10-23', '2003-10-30', NULL, 'Cancelled', 'Customer called to cancel. The warehouse was notified in time and the order didn\'t ship. They have a new VP of Sales and are shifting their sales model. Our VP of Sales should contact them.', 448, 68),
(10168, '2003-10-28', '2003-11-03', '2003-11-01', 'Shipped', NULL, 161, 69),
(10169, '2003-11-04', '2003-11-14', '2003-11-09', 'Shipped', NULL, 276, 70),
(10170, '2003-11-04', '2003-11-12', '2003-11-07', 'Shipped', NULL, 452, 71),
(10171, '2003-11-05', '2003-11-13', '2003-11-07', 'Shipped', NULL, 233, 72),
(10172, '2003-11-05', '2003-11-14', '2003-11-11', 'Shipped', NULL, 175, 73),
(10173, '2003-11-05', '2003-11-15', '2003-11-09', 'Shipped', 'Cautious optimism. We have happy customers here, if we can keep them well stocked.  I need all the information I can get on the planned shippments of Porches', 278, 74),
(10174, '2003-11-06', '2003-11-15', '2003-11-10', 'Shipped', NULL, 333, 75),
(10175, '2003-11-06', '2003-11-14', '2003-11-09', 'Shipped', NULL, 324, 76),
(10176, '2003-11-06', '2003-11-15', '2003-11-12', 'Shipped', NULL, 386, 77),
(10177, '2003-11-07', '2003-11-17', '2003-11-12', 'Shipped', NULL, 344, 78),
(10178, '2003-11-08', '2003-11-16', '2003-11-10', 'Shipped', 'Custom shipping instructions sent to warehouse', 242, 79),
(10179, '2003-11-11', '2003-11-17', '2003-11-13', 'Cancelled', 'Customer cancelled due to urgent budgeting issues. Must be cautious when dealing with them in the future. Since order shipped already we must discuss who would cover the shipping charges.', 496, 80),
(10180, '2003-11-11', '2003-11-19', '2003-11-14', 'Shipped', NULL, 171, 81),
(10181, '2003-11-12', '2003-11-19', '2003-11-15', 'Shipped', NULL, 167, 82),
(10182, '2003-11-12', '2003-11-21', '2003-11-18', 'Shipped', NULL, 124, 83),
(10183, '2003-11-13', '2003-11-22', '2003-11-15', 'Shipped', 'We need to keep in close contact with their Marketing VP. He is the decision maker for all their purchases.', 339, 84),
(10184, '2003-11-14', '2003-11-22', '2003-11-20', 'Shipped', NULL, 484, 85),
(10185, '2003-11-14', '2003-11-21', '2003-11-20', 'Shipped', NULL, 320, 86),
(10186, '2003-11-14', '2003-11-20', '2003-11-18', 'Shipped', 'They want to reevaluate their terms agreement with the VP of Sales', 489, 87),
(10187, '2003-11-15', '2003-11-24', '2003-11-16', 'Shipped', NULL, 211, 88),
(10188, '2003-11-18', '2003-11-26', '2003-11-24', 'Shipped', NULL, 167, 89),
(10189, '2003-11-18', '2003-11-25', '2003-11-24', 'Shipped', 'They want to reevaluate their terms agreement with Finance.', 205, 90),
(10190, '2003-11-19', '2003-11-29', '2003-11-20', 'Shipped', NULL, 141, 91),
(10191, '2003-11-20', '2003-11-30', '2003-11-24', 'Shipped', 'We must be cautions with this customer. Their VP of Sales resigned. Company may be heading down.', 259, 92),
(10192, '2003-11-20', '2003-11-29', '2003-11-25', 'Shipped', NULL, 363, 93),
(10193, '2003-11-21', '2003-11-28', '2003-11-27', 'Shipped', NULL, 471, 94),
(10194, '2003-11-25', '2003-12-02', '2003-11-26', 'Shipped', NULL, 146, 95),
(10195, '2003-11-25', '2003-12-01', '2003-11-28', 'Shipped', NULL, 319, 96),
(10196, '2003-11-26', '2003-12-03', '2003-12-01', 'Shipped', NULL, 455, 97),
(10197, '2003-11-26', '2003-12-02', '2003-12-01', 'Shipped', 'Customer inquired about remote controlled models and gold models.', 216, 98),
(10198, '2003-11-27', '2003-12-06', '2003-12-03', 'Shipped', NULL, 385, 99),
(10199, '2003-12-01', '2003-12-10', '2003-12-06', 'Shipped', NULL, 475, 100),
(10200, '2003-12-01', '2003-12-09', '2003-12-06', 'Shipped', NULL, 211, 101),
(10201, '2003-12-01', '2003-12-11', '2003-12-02', 'Shipped', NULL, 129, 102),
(10202, '2003-12-02', '2003-12-09', '2003-12-06', 'Shipped', NULL, 357, 103),
(10203, '2003-12-02', '2003-12-11', '2003-12-07', 'Shipped', NULL, 141, 104),
(10204, '2003-12-02', '2003-12-10', '2003-12-04', 'Shipped', NULL, 151, 105),
(10205, '2003-12-03', '2003-12-09', '2003-12-07', 'Shipped', ' I need all the information I can get on our competitors.', 141, 106),
(10206, '2003-12-05', '2003-12-13', '2003-12-08', 'Shipped', 'Can we renegotiate this one?', 202, 107),
(10207, '2003-12-09', '2003-12-17', '2003-12-11', 'Shipped', 'Check on availability.', 495, 108),
(10208, '2004-01-02', '2004-01-11', '2004-01-04', 'Shipped', NULL, 146, 109),
(10209, '2004-01-09', '2004-01-15', '2004-01-12', 'Shipped', NULL, 347, 110),
(10210, '2004-01-12', '2004-01-22', '2004-01-20', 'Shipped', NULL, 177, 111),
(10211, '2004-01-15', '2004-01-25', '2004-01-18', 'Shipped', NULL, 406, 112),
(10212, '2004-01-16', '2004-01-24', '2004-01-18', 'Shipped', NULL, 141, 113),
(10213, '2004-01-22', '2004-01-28', '2004-01-27', 'Shipped', 'Difficult to negotiate with customer. We need more marketing materials', 489, 114),
(10214, '2004-01-26', '2004-02-04', '2004-01-29', 'Shipped', NULL, 458, 115),
(10215, '2004-01-29', '2004-02-08', '2004-02-01', 'Shipped', 'Customer requested that FedEx Ground is used for this shipping', 475, 116),
(10216, '2004-02-02', '2004-02-10', '2004-02-04', 'Shipped', NULL, 256, 117),
(10217, '2004-02-04', '2004-02-14', '2004-02-06', 'Shipped', NULL, 166, 118),
(10218, '2004-02-09', '2004-02-16', '2004-02-11', 'Shipped', 'Customer requested that ad materials (such as posters, pamphlets) be included in the shippment', 473, 119),
(10219, '2004-02-10', '2004-02-17', '2004-02-12', 'Shipped', NULL, 487, 120),
(10220, '2004-02-12', '2004-02-19', '2004-02-16', 'Shipped', NULL, 189, 121),
(10221, '2004-02-18', '2004-02-26', '2004-02-19', 'Shipped', NULL, 314, 122),
(10222, '2004-02-19', '2004-02-27', '2004-02-20', 'Shipped', NULL, 239, 123),
(10223, '2004-02-20', '2004-02-29', '2004-02-24', 'Shipped', NULL, 114, 124),
(10224, '2004-02-21', '2004-03-02', '2004-02-26', 'Shipped', 'Customer has worked with some of our vendors in the past and is aware of their MSRP', 171, 125),
(10225, '2004-02-22', '2004-03-01', '2004-02-24', 'Shipped', NULL, 298, 126),
(10226, '2004-02-26', '2004-03-06', '2004-03-02', 'Shipped', NULL, 239, 127),
(10227, '2004-03-02', '2004-03-12', '2004-03-08', 'Shipped', NULL, 146, 128),
(10228, '2004-03-10', '2004-03-18', '2004-03-13', 'Shipped', NULL, 173, 129),
(10229, '2004-03-11', '2004-03-20', '2004-03-12', 'Shipped', NULL, 124, 130),
(10230, '2004-03-15', '2004-03-24', '2004-03-20', 'Shipped', 'Customer very concerned about the exact color of the models. There is high risk that he may dispute the order because there is a slight color mismatch', 128, 131),
(10231, '2004-03-19', '2004-03-26', '2004-03-25', 'Shipped', NULL, 344, 132),
(10232, '2004-03-20', '2004-03-30', '2004-03-25', 'Shipped', NULL, 240, 133),
(10233, '2004-03-29', '2004-04-04', '2004-04-02', 'Shipped', 'Customer requested special shippment. The instructions were passed along to the warehouse', 328, 134),
(10234, '2004-03-30', '2004-04-05', '2004-04-02', 'Shipped', NULL, 412, 135),
(10235, '2004-04-02', '2004-04-12', '2004-04-06', 'Shipped', NULL, 260, 136),
(10236, '2004-04-03', '2004-04-11', '2004-04-08', 'Shipped', NULL, 486, 137),
(10237, '2004-04-05', '2004-04-12', '2004-04-10', 'Shipped', NULL, 181, 138),
(10238, '2004-04-09', '2004-04-16', '2004-04-10', 'Shipped', NULL, 145, 139),
(10239, '2004-04-12', '2004-04-21', '2004-04-17', 'Shipped', NULL, 311, 140),
(10240, '2004-04-13', '2004-04-20', '2004-04-20', 'Shipped', NULL, 177, 141),
(10241, '2004-04-13', '2004-04-20', '2004-04-19', 'Shipped', NULL, 209, 142),
(10242, '2004-04-20', '2004-04-28', '2004-04-25', 'Shipped', 'Customer is interested in buying more Ferrari models', 456, 143),
(10243, '2004-04-26', '2004-05-03', '2004-04-28', 'Shipped', NULL, 495, 144),
(10244, '2004-04-29', '2004-05-09', '2004-05-04', 'Shipped', NULL, 141, 145),
(10245, '2004-05-04', '2004-05-12', '2004-05-09', 'Shipped', NULL, 455, 146),
(10246, '2004-05-05', '2004-05-13', '2004-05-06', 'Shipped', NULL, 141, 147),
(10247, '2004-05-05', '2004-05-11', '2004-05-08', 'Shipped', NULL, 334, 148),
(10248, '2004-05-07', '2004-05-14', NULL, 'Cancelled', 'Order was mistakenly placed. The warehouse noticed the lack of documentation.', 131, 149),
(10249, '2004-05-08', '2004-05-17', '2004-05-11', 'Shipped', 'Can we deliver the new Ford Mustang models by end-of-quarter?', 173, 150),
(10250, '2004-05-11', '2004-05-19', '2004-05-15', 'Shipped', NULL, 450, 151),
(10251, '2004-05-18', '2004-05-24', '2004-05-24', 'Shipped', NULL, 328, 152),
(10252, '2004-05-26', '2004-06-04', '2004-05-29', 'Shipped', NULL, 406, 153),
(10253, '2004-06-01', '2004-06-09', '2004-06-02', 'Cancelled', 'Customer disputed the order and we agreed to cancel it. We must be more cautions with this customer going forward, since they are very hard to please. We must cover the shipping fees.', 201, 154),
(10254, '2004-06-03', '2004-06-13', '2004-06-04', 'Shipped', 'Customer requested that DHL is used for this shipping', 323, 155),
(10255, '2004-06-04', '2004-06-12', '2004-06-09', 'Shipped', NULL, 209, 156),
(10256, '2004-06-08', '2004-06-16', '2004-06-10', 'Shipped', NULL, 145, 157),
(10257, '2004-06-14', '2004-06-24', '2004-06-15', 'Shipped', NULL, 450, 158),
(10258, '2004-06-15', '2004-06-25', '2004-06-23', 'Shipped', NULL, 398, 159),
(10259, '2004-06-15', '2004-06-22', '2004-06-17', 'Shipped', NULL, 166, 160),
(10260, '2004-06-16', '2004-06-22', NULL, 'Cancelled', 'Customer heard complaints from their customers and called to cancel this order. Will notify the Sales Manager.', 357, 161),
(10261, '2004-06-17', '2004-06-25', '2004-06-22', 'Shipped', NULL, 233, 162),
(10262, '2004-06-24', '2004-07-01', NULL, 'Cancelled', 'This customer found a better offer from one of our competitors. Will call back to renegotiate.', 141, 163),
(10263, '2004-06-28', '2004-07-04', '2004-07-02', 'Shipped', NULL, 175, 164),
(10264, '2004-06-30', '2004-07-06', '2004-07-01', 'Shipped', 'Customer will send a truck to our local warehouse on 7/1/2004', 362, 165),
(10265, '2004-07-02', '2004-07-09', '2004-07-07', 'Shipped', NULL, 471, 166),
(10266, '2004-07-06', '2004-07-14', '2004-07-10', 'Shipped', NULL, 386, 167),
(10267, '2004-07-07', '2004-07-17', '2004-07-09', 'Shipped', NULL, 151, 168),
(10268, '2004-07-12', '2004-07-18', '2004-07-14', 'Shipped', NULL, 412, 169),
(10269, '2004-07-16', '2004-07-22', '2004-07-18', 'Shipped', NULL, 382, 170),
(10270, '2004-07-19', '2004-07-27', '2004-07-24', 'Shipped', 'Can we renegotiate this one?', 282, 171),
(10271, '2004-07-20', '2004-07-29', '2004-07-23', 'Shipped', NULL, 124, 172),
(10272, '2004-07-20', '2004-07-26', '2004-07-22', 'Shipped', NULL, 157, 173),
(10273, '2004-07-21', '2004-07-28', '2004-07-22', 'Shipped', NULL, 314, 174),
(10274, '2004-07-21', '2004-07-29', '2004-07-22', 'Shipped', NULL, 379, 175),
(10275, '2004-07-23', '2004-08-02', '2004-07-29', 'Shipped', NULL, 119, 176),
(10276, '2004-08-02', '2004-08-11', '2004-08-08', 'Shipped', NULL, 204, 177),
(10277, '2004-08-04', '2004-08-12', '2004-08-05', 'Shipped', NULL, 148, 178),
(10278, '2004-08-06', '2004-08-16', '2004-08-09', 'Shipped', NULL, 112, 179),
(10279, '2004-08-09', '2004-08-19', '2004-08-15', 'Shipped', 'Cautious optimism. We have happy customers here, if we can keep them well stocked.  I need all the information I can get on the planned shippments of Porches', 141, 180),
(10280, '2004-08-17', '2004-08-27', '2004-08-19', 'Shipped', NULL, 249, 181),
(10281, '2004-08-19', '2004-08-28', '2004-08-23', 'Shipped', NULL, 157, 182),
(10282, '2004-08-20', '2004-08-26', '2004-08-22', 'Shipped', NULL, 124, 183),
(10283, '2004-08-20', '2004-08-30', '2004-08-23', 'Shipped', NULL, 260, 184),
(10284, '2004-08-21', '2004-08-29', '2004-08-26', 'Shipped', 'Custom shipping instructions sent to warehouse', 299, 185),
(10285, '2004-08-27', '2004-09-04', '2004-08-31', 'Shipped', NULL, 286, 186),
(10286, '2004-08-28', '2004-09-06', '2004-09-01', 'Shipped', NULL, 172, 187),
(10287, '2004-08-30', '2004-09-06', '2004-09-01', 'Shipped', NULL, 298, 188),
(10288, '2004-09-01', '2004-09-11', '2004-09-05', 'Shipped', NULL, 166, 189),
(10289, '2004-09-03', '2004-09-13', '2004-09-04', 'Shipped', 'We need to keep in close contact with their Marketing VP. He is the decision maker for all their purchases.', 167, 190),
(10290, '2004-09-07', '2004-09-15', '2004-09-13', 'Shipped', NULL, 198, 191),
(10291, '2004-09-08', '2004-09-17', '2004-09-14', 'Shipped', NULL, 448, 192),
(10292, '2004-09-08', '2004-09-18', '2004-09-11', 'Shipped', 'They want to reevaluate their terms agreement with Finance.', 131, 193),
(10293, '2004-09-09', '2004-09-18', '2004-09-14', 'Shipped', NULL, 249, 194),
(10294, '2004-09-10', '2004-09-17', '2004-09-14', 'Shipped', NULL, 204, 195),
(10295, '2004-09-10', '2004-09-17', '2004-09-14', 'Shipped', 'They want to reevaluate their terms agreement with Finance.', 362, 196),
(10296, '2004-09-15', '2004-09-22', '2004-09-16', 'Shipped', NULL, 415, 197),
(10297, '2004-09-16', '2004-09-22', '2004-09-21', 'Shipped', 'We must be cautions with this customer. Their VP of Sales resigned. Company may be heading down.', 189, 198),
(10298, '2004-09-27', '2004-10-05', '2004-10-01', 'Shipped', NULL, 103, 199),
(10299, '2004-09-30', '2004-10-10', '2004-10-01', 'Shipped', NULL, 186, 200),
(10300, '2003-10-04', '2003-10-13', '2003-10-09', 'Shipped', NULL, 128, 201),
(10301, '2003-10-05', '2003-10-15', '2003-10-08', 'Shipped', NULL, 299, 202),
(10302, '2003-10-06', '2003-10-16', '2003-10-07', 'Shipped', NULL, 201, 203),
(10303, '2004-10-06', '2004-10-14', '2004-10-09', 'Shipped', 'Customer inquired about remote controlled models and gold models.', 484, 204),
(10304, '2004-10-11', '2004-10-20', '2004-10-17', 'Shipped', NULL, 256, 205),
(10305, '2004-10-13', '2004-10-22', '2004-10-15', 'Shipped', 'Check on availability.', 286, 206),
(10306, '2004-10-14', '2004-10-21', '2004-10-17', 'Shipped', NULL, 187, 207),
(10307, '2004-10-14', '2004-10-23', '2004-10-20', 'Shipped', NULL, 339, 208),
(10308, '2004-10-15', '2004-10-24', '2004-10-20', 'Shipped', 'Customer requested that FedEx Ground is used for this shipping', 319, 209),
(10309, '2004-10-15', '2004-10-24', '2004-10-18', 'Shipped', NULL, 121, 210),
(10310, '2004-10-16', '2004-10-24', '2004-10-18', 'Shipped', NULL, 259, 211),
(10311, '2004-10-16', '2004-10-23', '2004-10-20', 'Shipped', 'Difficult to negotiate with customer. We need more marketing materials', 141, 212),
(10312, '2004-10-21', '2004-10-27', '2004-10-23', 'Shipped', NULL, 124, 213),
(10313, '2004-10-22', '2004-10-28', '2004-10-25', 'Shipped', 'Customer requested that FedEx Ground is used for this shipping', 202, 214),
(10314, '2004-10-22', '2004-11-01', '2004-10-23', 'Shipped', NULL, 227, 215),
(10315, '2004-10-29', '2004-11-08', '2004-10-30', 'Shipped', NULL, 119, 216),
(10316, '2004-11-01', '2004-11-09', '2004-11-07', 'Shipped', 'Customer requested that ad materials (such as posters, pamphlets) be included in the shippment', 240, 217),
(10317, '2004-11-02', '2004-11-12', '2004-11-08', 'Shipped', NULL, 161, 218),
(10318, '2004-11-02', '2004-11-09', '2004-11-07', 'Shipped', NULL, 157, 219),
(10319, '2004-11-03', '2004-11-11', '2004-11-06', 'Shipped', 'Customer requested that DHL is used for this shipping', 456, 220),
(10320, '2004-11-03', '2004-11-13', '2004-11-07', 'Shipped', NULL, 144, 221),
(10321, '2004-11-04', '2004-11-12', '2004-11-07', 'Shipped', NULL, 462, 222),
(10322, '2004-11-04', '2004-11-12', '2004-11-10', 'Shipped', 'Customer has worked with some of our vendors in the past and is aware of their MSRP', 363, 223),
(10323, '2004-11-05', '2004-11-12', '2004-11-09', 'Shipped', NULL, 128, 224),
(10324, '2004-11-05', '2004-11-11', '2004-11-08', 'Shipped', NULL, 181, 225),
(10325, '2004-11-05', '2004-11-13', '2004-11-08', 'Shipped', NULL, 121, 226),
(10326, '2004-11-09', '2004-11-16', '2004-11-10', 'Shipped', NULL, 144, 227),
(10327, '2004-11-10', '2004-11-19', '2004-11-13', 'Resolved', 'Order was disputed and resolved on 12/1/04. The Sales Manager was involved. Customer claims the scales of the models don\'t match what was discussed.', 145, 228),
(10328, '2004-11-12', '2004-11-21', '2004-11-18', 'Shipped', 'Customer very concerned about the exact color of the models. There is high risk that he may dispute the order because there is a slight color mismatch', 278, 229),
(10329, '2004-11-15', '2004-11-24', '2004-11-16', 'Shipped', NULL, 131, 230),
(10330, '2004-11-16', '2004-11-25', '2004-11-21', 'Shipped', NULL, 385, 231),
(10331, '2004-11-17', '2004-11-23', '2004-11-23', 'Shipped', 'Customer requested special shippment. The instructions were passed along to the warehouse', 486, 232),
(10332, '2004-11-17', '2004-11-25', '2004-11-18', 'Shipped', NULL, 187, 233),
(10333, '2004-11-18', '2004-11-27', '2004-11-20', 'Shipped', NULL, 129, 234),
(10334, '2004-11-19', '2004-11-28', NULL, 'On Hold', 'The outstaniding balance for this customer exceeds their credit limit. Order will be shipped when a payment is received.', 144, 235),
(10335, '2004-11-19', '2004-11-29', '2004-11-23', 'Shipped', NULL, 124, 236),
(10336, '2004-11-20', '2004-11-26', '2004-11-24', 'Shipped', 'Customer requested that DHL is used for this shipping', 172, 237),
(10337, '2004-11-21', '2004-11-30', '2004-11-26', 'Shipped', NULL, 424, 238),
(10338, '2004-11-22', '2004-12-02', '2004-11-27', 'Shipped', NULL, 381, 239),
(10339, '2004-11-23', '2004-11-30', '2004-11-30', 'Shipped', NULL, 398, 240),
(10340, '2004-11-24', '2004-12-01', '2004-11-25', 'Shipped', 'Customer is interested in buying more Ferrari models', 216, 241),
(10341, '2004-11-24', '2004-12-01', '2004-11-29', 'Shipped', NULL, 382, 242),
(10342, '2004-11-24', '2004-12-01', '2004-11-29', 'Shipped', NULL, 114, 243),
(10343, '2004-11-24', '2004-12-01', '2004-11-26', 'Shipped', NULL, 353, 244),
(10344, '2004-11-25', '2004-12-02', '2004-11-29', 'Shipped', NULL, 350, 245),
(10345, '2004-11-25', '2004-12-01', '2004-11-26', 'Shipped', NULL, 103, 246),
(10346, '2004-11-29', '2004-12-05', '2004-11-30', 'Shipped', NULL, 112, 247),
(10347, '2004-11-29', '2004-12-07', '2004-11-30', 'Shipped', 'Can we deliver the new Ford Mustang models by end-of-quarter?', 114, 248),
(10348, '2004-11-01', '2004-11-08', '2004-11-05', 'Shipped', NULL, 458, 249),
(10349, '2004-12-01', '2004-12-07', '2004-12-03', 'Shipped', NULL, 151, 250),
(10350, '2004-12-02', '2004-12-08', '2004-12-05', 'Shipped', NULL, 141, 251),
(10351, '2004-12-03', '2004-12-11', '2004-12-07', 'Shipped', NULL, 324, 252),
(10352, '2004-12-03', '2004-12-12', '2004-12-09', 'Shipped', NULL, 198, 253),
(10353, '2004-12-04', '2004-12-11', '2004-12-05', 'Shipped', NULL, 447, 254),
(10354, '2004-12-04', '2004-12-10', '2004-12-05', 'Shipped', NULL, 323, 255),
(10355, '2004-12-07', '2004-12-14', '2004-12-13', 'Shipped', NULL, 141, 256),
(10356, '2004-12-09', '2004-12-15', '2004-12-12', 'Shipped', NULL, 250, 257),
(10357, '2004-12-10', '2004-12-16', '2004-12-14', 'Shipped', NULL, 124, 258),
(10358, '2004-12-10', '2004-12-16', '2004-12-16', 'Shipped', 'Customer requested that DHL is used for this shipping', 141, 259),
(10359, '2004-12-15', '2004-12-23', '2004-12-18', 'Shipped', NULL, 353, 260),
(10360, '2004-12-16', '2004-12-22', '2004-12-18', 'Shipped', NULL, 496, 261),
(10361, '2004-12-17', '2004-12-24', '2004-12-20', 'Shipped', NULL, 282, 262),
(10362, '2005-01-05', '2005-01-16', '2005-01-10', 'Shipped', NULL, 161, 263),
(10363, '2005-01-06', '2005-01-12', '2005-01-10', 'Shipped', NULL, 334, 264),
(10364, '2005-01-06', '2005-01-17', '2005-01-09', 'Shipped', NULL, 350, 265),
(10365, '2005-01-07', '2005-01-18', '2005-01-11', 'Shipped', NULL, 320, 266),
(10366, '2005-01-10', '2005-01-19', '2005-01-12', 'Shipped', NULL, 381, 267),
(10367, '2005-01-12', '2005-01-21', '2005-01-16', 'Resolved', 'This order was disputed and resolved on 2/1/2005. Customer claimed that container with shipment was damaged. FedEx\'s investigation proved this wrong.', 205, 268),
(10368, '2005-01-19', '2005-01-27', '2005-01-24', 'Shipped', 'Can we renegotiate this one?', 124, 269),
(10369, '2005-01-20', '2005-01-28', '2005-01-24', 'Shipped', NULL, 379, 270),
(10370, '2005-01-20', '2005-02-01', '2005-01-25', 'Shipped', NULL, 276, 271),
(10371, '2005-01-23', '2005-02-03', '2005-01-25', 'Shipped', NULL, 124, 272),
(10372, '2005-01-26', '2005-02-05', '2005-01-28', 'Shipped', NULL, 398, 273),
(10373, '2005-01-31', '2005-02-08', '2005-02-06', 'Shipped', NULL, 311, 274),
(10374, '2005-02-02', '2005-02-09', '2005-02-03', 'Shipped', NULL, 333, 275),
(10375, '2005-02-03', '2005-02-10', '2005-02-06', 'Shipped', NULL, 119, 276),
(10376, '2005-02-08', '2005-02-18', '2005-02-13', 'Shipped', NULL, 219, 277),
(10377, '2005-02-09', '2005-02-21', '2005-02-12', 'Shipped', 'Cautious optimism. We have happy customers here, if we can keep them well stocked.  I need all the information I can get on the planned shippments of Porches', 186, 278),
(10378, '2005-02-10', '2005-02-18', '2005-02-11', 'Shipped', NULL, 141, 279),
(10379, '2005-02-10', '2005-02-18', '2005-02-11', 'Shipped', NULL, 141, 280),
(10380, '2005-02-16', '2005-02-24', '2005-02-18', 'Shipped', NULL, 141, 281),
(10381, '2005-02-17', '2005-02-25', '2005-02-18', 'Shipped', NULL, 321, 282),
(10382, '2005-02-17', '2005-02-23', '2005-02-18', 'Shipped', 'Custom shipping instructions sent to warehouse', 124, 283),
(10383, '2005-02-22', '2005-03-02', '2005-02-25', 'Shipped', NULL, 141, 284),
(10384, '2005-02-23', '2005-03-06', '2005-02-27', 'Shipped', NULL, 321, 285),
(10385, '2005-02-28', '2005-03-09', '2005-03-01', 'Shipped', NULL, 124, 286),
(10386, '2005-03-01', '2005-03-09', '2005-03-06', 'Resolved', 'Disputed then Resolved on 3/15/2005. Customer doesn\'t like the craftsmaship of the models.', 141, 287),
(10387, '2005-03-02', '2005-03-09', '2005-03-06', 'Shipped', 'We need to keep in close contact with their Marketing VP. He is the decision maker for all their purchases.', 148, 288),
(10388, '2005-03-03', '2005-03-11', '2005-03-09', 'Shipped', NULL, 462, 289),
(10389, '2005-03-03', '2005-03-09', '2005-03-08', 'Shipped', NULL, 448, 290),
(10390, '2005-03-04', '2005-03-11', '2005-03-07', 'Shipped', 'They want to reevaluate their terms agreement with Finance.', 124, 291),
(10391, '2005-03-09', '2005-03-20', '2005-03-15', 'Shipped', NULL, 276, 292),
(10392, '2005-03-10', '2005-03-18', '2005-03-12', 'Shipped', NULL, 452, 293),
(10393, '2005-03-11', '2005-03-22', '2005-03-14', 'Shipped', 'They want to reevaluate their terms agreement with Finance.', 323, 294),
(10394, '2005-03-15', '2005-03-25', '2005-03-19', 'Shipped', NULL, 141, 295),
(10395, '2005-03-17', '2005-03-24', '2005-03-23', 'Shipped', 'We must be cautions with this customer. Their VP of Sales resigned. Company may be heading down.', 250, 296),
(10396, '2005-03-23', '2005-04-02', '2005-03-28', 'Shipped', NULL, 124, 297),
(10397, '2005-03-28', '2005-04-09', '2005-04-01', 'Shipped', NULL, 242, 298),
(10398, '2005-03-30', '2005-04-09', '2005-03-31', 'Shipped', NULL, 353, 299),
(10399, '2005-04-01', '2005-04-12', '2005-04-03', 'Shipped', NULL, 496, 300),
(10400, '2005-04-01', '2005-04-11', '2005-04-04', 'Shipped', 'Customer requested that DHL is used for this shipping', 450, 301),
(10401, '2005-04-03', '2005-04-14', NULL, 'On Hold', 'Customer credit limit exceeded. Will ship when a payment is received.', 328, 302),
(10402, '2005-04-07', '2005-04-14', '2005-04-12', 'Shipped', NULL, 406, 303),
(10403, '2005-04-08', '2005-04-18', '2005-04-11', 'Shipped', NULL, 201, 304),
(10404, '2005-04-08', '2005-04-14', '2005-04-11', 'Shipped', NULL, 323, 305),
(10405, '2005-04-14', '2005-04-24', '2005-04-20', 'Shipped', NULL, 209, 306),
(10406, '2005-04-15', '2005-04-25', '2005-04-21', 'Disputed', 'Customer claims container with shipment was damaged during shipping and some items were missing. I am talking to FedEx about this.', 145, 307),
(10407, '2005-04-22', '2005-05-04', NULL, 'On Hold', 'Customer credit limit exceeded. Will ship when a payment is received.', 450, 308),
(10408, '2005-04-22', '2005-04-29', '2005-04-27', 'Shipped', NULL, 398, 309),
(10409, '2005-04-23', '2005-05-05', '2005-04-24', 'Shipped', NULL, 166, 310),
(10410, '2005-04-29', '2005-05-10', '2005-04-30', 'Shipped', NULL, 357, 311),
(10411, '2005-05-01', '2005-05-08', '2005-05-06', 'Shipped', NULL, 233, 312),
(10412, '2005-05-03', '2005-05-13', '2005-05-05', 'Shipped', NULL, 141, 313),
(10413, '2005-05-05', '2005-05-14', '2005-05-09', 'Shipped', 'Customer requested that DHL is used for this shipping', 175, 314),
(10414, '2005-05-06', '2005-05-13', NULL, 'On Hold', 'Customer credit limit exceeded. Will ship when a payment is received.', 362, 315),
(10415, '2005-05-09', '2005-05-20', '2005-05-12', 'Disputed', 'Customer claims the scales of the models don\'t match what was discussed. I keep all the paperwork though to prove otherwise', 471, 316),
(10416, '2005-05-10', '2005-05-16', '2005-05-14', 'Shipped', NULL, 386, 317),
(10417, '2005-05-13', '2005-05-19', '2005-05-19', 'Disputed', 'Customer doesn\'t like the colors and precision of the models.', 141, 318),
(10418, '2005-05-16', '2005-05-24', '2005-05-20', 'Shipped', NULL, 412, 319),
(10419, '2005-05-17', '2005-05-28', '2005-05-19', 'Shipped', NULL, 382, 320),
(10420, '2005-05-29', '2005-06-07', NULL, 'In Process', NULL, 282, 321),
(10421, '2005-05-29', '2005-06-06', NULL, 'In Process', 'Custom shipping instructions were sent to warehouse', 124, 322),
(10422, '2005-05-30', '2005-06-11', NULL, 'In Process', NULL, 157, 323),
(10423, '2005-05-30', '2005-06-05', NULL, 'In Process', NULL, 314, 324),
(10424, '2005-05-31', '2005-06-08', NULL, 'In Process', NULL, 141, 325),
(10425, '2005-05-31', '2005-06-07', NULL, 'In Process', NULL, 119, 326);

-- --------------------------------------------------------

--
-- Struktur dari tabel `tabel_fakta`
--

CREATE TABLE `tabel_fakta` (
  `id` int(11) NOT NULL,
  `sk_pelanggan` int(11) NOT NULL,
  `sk_pekerja` int(11) NOT NULL,
  `sk_pesanan` int(11) NOT NULL,
  `amount` decimal(10,2) NOT NULL
) ENGINE=InnoDB DEFAULT CHARSET=utf8mb4;

--
-- Dumping data untuk tabel `tabel_fakta`
--

INSERT INTO `tabel_fakta` (`id`, `sk_pelanggan`, `sk_pekerja`, `sk_pesanan`, `amount`) VALUES
(1, 15, 21, 18, '44380.15'),
(2, 15, 21, 51, '44380.15'),
(3, 15, 21, 66, '44380.15'),
(4, 15, 21, 178, '44380.15'),
(5, 15, 21, 288, '44380.15'),
(6, 15, 21, 18, '2611.84'),
(7, 15, 21, 51, '2611.84'),
(8, 15, 21, 66, '2611.84'),
(9, 15, 21, 178, '2611.84'),
(10, 15, 21, 288, '2611.84'),
(11, 15, 21, 18, '105743.00'),
(12, 15, 21, 51, '105743.00'),
(13, 15, 21, 66, '105743.00'),
(14, 15, 21, 178, '105743.00'),
(15, 15, 21, 288, '105743.00'),
(16, 15, 21, 18, '3516.04'),
(17, 15, 21, 51, '3516.04'),
(18, 15, 21, 66, '3516.04'),
(19, 15, 21, 178, '3516.04'),
(20, 15, 21, 288, '3516.04'),
(21, 27, 21, 111, '15183.63'),
(22, 27, 21, 141, '15183.63'),
(23, 27, 21, 111, '47177.59'),
(24, 27, 21, 141, '47177.59'),
(25, 39, 21, 88, '45480.79'),
(26, 39, 21, 101, '45480.79'),
(27, 92, 21, 9, '20644.24'),
(28, 92, 21, 99, '20644.24'),
(29, 92, 21, 231, '20644.24'),
(30, 92, 21, 9, '15822.84'),
(31, 92, 21, 99, '15822.84'),
(32, 92, 21, 231, '15822.84'),
(33, 92, 21, 9, '51001.22'),
(34, 92, 21, 99, '51001.22'),
(35, 92, 21, 231, '51001.22'),
(36, 94, 21, 159, '33967.73'),
(37, 94, 21, 240, '33967.73'),
(38, 94, 21, 273, '33967.73'),
(39, 94, 21, 309, '33967.73'),
(40, 94, 21, 159, '22037.91'),
(41, 94, 21, 240, '22037.91'),
(42, 94, 21, 273, '22037.91'),
(43, 94, 21, 309, '22037.91'),
(44, 94, 21, 159, '615.45'),
(45, 94, 21, 240, '615.45'),
(46, 94, 21, 273, '615.45'),
(47, 94, 21, 309, '615.45'),
(48, 94, 21, 159, '48927.64'),
(49, 94, 21, 240, '48927.64'),
(50, 94, 21, 273, '48927.64'),
(51, 94, 21, 309, '48927.64'),
(52, 3, 18, 21, '45864.03'),
(53, 3, 18, 26, '45864.03'),
(54, 3, 18, 124, '45864.03'),
(55, 3, 18, 243, '45864.03'),
(56, 3, 18, 248, '45864.03'),
(57, 3, 18, 21, '82261.22'),
(58, 3, 18, 26, '82261.22'),
(59, 3, 18, 124, '82261.22'),
(60, 3, 18, 243, '82261.22'),
(61, 3, 18, 248, '82261.22'),
(62, 3, 18, 21, '7565.08'),
(63, 3, 18, 26, '7565.08'),
(64, 3, 18, 124, '7565.08'),
(65, 3, 18, 243, '7565.08'),
(66, 3, 18, 248, '7565.08'),
(67, 3, 18, 21, '44894.74'),
(68, 3, 18, 26, '44894.74'),
(69, 3, 18, 124, '44894.74'),
(70, 3, 18, 243, '44894.74'),
(71, 3, 18, 248, '44894.74'),
(72, 56, 18, 49, '27083.78'),
(73, 56, 18, 70, '27083.78'),
(74, 56, 18, 271, '27083.78'),
(75, 56, 18, 292, '27083.78'),
(76, 56, 18, 49, '38547.19'),
(77, 56, 18, 70, '38547.19'),
(78, 56, 18, 271, '38547.19'),
(79, 56, 18, 292, '38547.19'),
(80, 56, 18, 49, '41554.73'),
(81, 56, 18, 70, '41554.73'),
(82, 56, 18, 271, '41554.73'),
(83, 56, 18, 292, '41554.73'),
(84, 56, 18, 49, '29848.52'),
(85, 56, 18, 70, '29848.52'),
(86, 56, 18, 271, '29848.52'),
(87, 56, 18, 292, '29848.52'),
(88, 58, 18, 40, '24013.52'),
(89, 58, 18, 171, '24013.52'),
(90, 58, 18, 262, '24013.52'),
(91, 58, 18, 321, '24013.52'),
(92, 58, 18, 40, '35806.73'),
(93, 58, 18, 171, '35806.73'),
(94, 58, 18, 262, '35806.73'),
(95, 58, 18, 321, '35806.73'),
(96, 58, 18, 40, '31835.36'),
(97, 58, 18, 171, '31835.36'),
(98, 58, 18, 262, '31835.36'),
(99, 58, 18, 321, '31835.36'),
(100, 73, 18, 53, '23936.53'),
(101, 73, 18, 75, '23936.53'),
(102, 73, 18, 275, '23936.53'),
(103, 73, 18, 53, '9821.32'),
(104, 73, 18, 75, '9821.32'),
(105, 73, 18, 275, '9821.32'),
(106, 73, 18, 53, '21432.31'),
(107, 73, 18, 75, '21432.31'),
(108, 73, 18, 275, '21432.31'),
(109, 111, 18, 94, '9415.13'),
(110, 111, 18, 166, '9415.13'),
(111, 111, 18, 316, '9415.13'),
(112, 111, 18, 94, '35505.63'),
(113, 111, 18, 166, '35505.63'),
(114, 111, 18, 316, '35505.63'),
(115, 19, 19, 118, '38785.48'),
(116, 19, 19, 160, '38785.48'),
(117, 19, 19, 189, '38785.48'),
(118, 19, 19, 310, '38785.48'),
(119, 19, 19, 118, '44160.92'),
(120, 19, 19, 160, '44160.92'),
(121, 19, 19, 189, '44160.92'),
(122, 19, 19, 310, '44160.92'),
(123, 19, 19, 118, '22474.17'),
(124, 19, 19, 160, '22474.17'),
(125, 19, 19, 189, '22474.17'),
(126, 19, 19, 310, '22474.17'),
(127, 70, 19, 33, '75020.13'),
(128, 70, 19, 155, '75020.13'),
(129, 70, 19, 255, '75020.13'),
(130, 70, 19, 294, '75020.13'),
(131, 70, 19, 305, '75020.13'),
(132, 70, 19, 33, '37281.36'),
(133, 70, 19, 155, '37281.36'),
(134, 70, 19, 255, '37281.36'),
(135, 70, 19, 294, '37281.36'),
(136, 70, 19, 305, '37281.36'),
(137, 70, 19, 33, '2880.00'),
(138, 70, 19, 155, '2880.00'),
(139, 70, 19, 255, '2880.00'),
(140, 70, 19, 294, '2880.00'),
(141, 70, 19, 305, '2880.00'),
(142, 70, 19, 33, '39440.59'),
(143, 70, 19, 155, '39440.59'),
(144, 70, 19, 255, '39440.59'),
(145, 70, 19, 294, '39440.59'),
(146, 70, 19, 305, '39440.59'),
(147, 83, 19, 103, '20220.04'),
(148, 83, 19, 161, '20220.04'),
(149, 83, 19, 311, '20220.04'),
(150, 83, 19, 103, '36442.34'),
(151, 83, 19, 161, '36442.34'),
(152, 83, 19, 311, '36442.34'),
(153, 97, 19, 135, '35034.57'),
(154, 97, 19, 169, '35034.57'),
(155, 97, 19, 319, '35034.57'),
(156, 97, 19, 135, '31670.37'),
(157, 97, 19, 169, '31670.37'),
(158, 97, 19, 319, '31670.37'),
(159, 122, 19, 39, '30253.75'),
(160, 122, 19, 80, '30253.75'),
(161, 122, 19, 261, '30253.75'),
(162, 122, 19, 300, '30253.75'),
(163, 122, 19, 39, '32077.44'),
(164, 122, 19, 80, '32077.44'),
(165, 122, 19, 261, '32077.44'),
(166, 122, 19, 300, '32077.44'),
(167, 122, 19, 39, '52166.00'),
(168, 122, 19, 80, '52166.00'),
(169, 122, 19, 261, '52166.00'),
(170, 122, 19, 300, '52166.00'),
(171, 14, 13, 95, '40978.53'),
(172, 14, 13, 109, '40978.53'),
(173, 14, 13, 128, '40978.53'),
(174, 14, 13, 95, '49614.72'),
(175, 14, 13, 109, '49614.72'),
(176, 14, 13, 128, '49614.72'),
(177, 14, 13, 95, '39712.10'),
(178, 14, 13, 109, '39712.10'),
(179, 14, 13, 128, '39712.10'),
(180, 24, 13, 15, '1960.80'),
(181, 24, 13, 187, '1960.80'),
(182, 24, 13, 237, '1960.80'),
(183, 24, 13, 15, '51209.58'),
(184, 24, 13, 187, '51209.58'),
(185, 24, 13, 237, '51209.58'),
(186, 24, 13, 15, '33383.14'),
(187, 24, 13, 187, '33383.14'),
(188, 24, 13, 237, '33383.14'),
(189, 51, 13, 35, '17928.09'),
(190, 51, 13, 257, '17928.09'),
(191, 51, 13, 296, '17928.09'),
(192, 51, 13, 35, '26311.63'),
(193, 51, 13, 257, '26311.63'),
(194, 51, 13, 296, '26311.63'),
(195, 51, 13, 35, '23419.47'),
(196, 51, 13, 257, '23419.47'),
(197, 51, 13, 296, '23419.47'),
(198, 80, 13, 23, '18888.31'),
(199, 80, 13, 245, '18888.31'),
(200, 80, 13, 265, '18888.31'),
(201, 80, 13, 23, '50824.66'),
(202, 80, 13, 245, '50824.66'),
(203, 80, 13, 265, '50824.66'),
(204, 80, 13, 23, '1834.56'),
(205, 80, 13, 245, '1834.56'),
(206, 80, 13, 265, '1834.56'),
(207, 81, 13, 22, '49705.52'),
(208, 81, 13, 38, '49705.52'),
(209, 81, 13, 244, '49705.52'),
(210, 81, 13, 260, '49705.52'),
(211, 81, 13, 299, '49705.52'),
(212, 81, 13, 22, '13920.26'),
(213, 81, 13, 38, '13920.26'),
(214, 81, 13, 244, '13920.26'),
(215, 81, 13, 260, '13920.26'),
(216, 81, 13, 299, '13920.26'),
(217, 81, 13, 22, '16700.47'),
(218, 81, 13, 38, '16700.47'),
(219, 81, 13, 244, '16700.47'),
(220, 81, 13, 260, '16700.47'),
(221, 81, 13, 299, '16700.47'),
(222, 81, 13, 22, '46656.94'),
(223, 81, 13, 38, '46656.94'),
(224, 81, 13, 244, '46656.94'),
(225, 81, 13, 260, '46656.94'),
(226, 81, 13, 299, '46656.94'),
(227, 95, 13, 112, '12190.85'),
(228, 95, 13, 153, '12190.85'),
(229, 95, 13, 303, '12190.85'),
(230, 95, 13, 112, '49165.16'),
(231, 95, 13, 153, '49165.16'),
(232, 95, 13, 303, '49165.16'),
(233, 95, 13, 112, '25080.96'),
(234, 95, 13, 153, '25080.96'),
(235, 95, 13, 303, '25080.96'),
(236, 1, 14, 24, '6066.78'),
(237, 1, 14, 199, '6066.78'),
(238, 1, 14, 246, '6066.78'),
(239, 1, 14, 24, '14571.44'),
(240, 1, 14, 199, '14571.44'),
(241, 1, 14, 246, '14571.44'),
(242, 1, 14, 24, '1676.14'),
(243, 1, 14, 199, '1676.14'),
(244, 1, 14, 246, '1676.14'),
(245, 4, 14, 176, '19501.82'),
(246, 4, 14, 216, '19501.82'),
(247, 4, 14, 276, '19501.82'),
(248, 4, 14, 326, '19501.82'),
(249, 4, 14, 176, '47924.19'),
(250, 4, 14, 216, '47924.19'),
(251, 4, 14, 276, '47924.19'),
(252, 4, 14, 326, '47924.19'),
(253, 4, 14, 176, '49523.67'),
(254, 4, 14, 216, '49523.67'),
(255, 4, 14, 276, '49523.67'),
(256, 4, 14, 326, '49523.67'),
(257, 11, 14, 5, '36251.03'),
(258, 11, 14, 29, '36251.03'),
(259, 11, 14, 34, '36251.03'),
(260, 11, 14, 54, '36251.03'),
(261, 11, 14, 57, '36251.03'),
(262, 11, 14, 91, '36251.03'),
(263, 11, 14, 104, '36251.03'),
(264, 11, 14, 106, '36251.03'),
(265, 11, 14, 113, '36251.03'),
(266, 11, 14, 145, '36251.03'),
(267, 11, 14, 147, '36251.03'),
(268, 11, 14, 163, '36251.03'),
(269, 11, 14, 180, '36251.03'),
(270, 11, 14, 212, '36251.03'),
(271, 11, 14, 251, '36251.03'),
(272, 11, 14, 256, '36251.03'),
(273, 11, 14, 259, '36251.03'),
(274, 11, 14, 279, '36251.03'),
(275, 11, 14, 280, '36251.03'),
(276, 11, 14, 281, '36251.03'),
(277, 11, 14, 284, '36251.03'),
(278, 11, 14, 287, '36251.03'),
(279, 11, 14, 295, '36251.03'),
(280, 11, 14, 313, '36251.03'),
(281, 11, 14, 318, '36251.03'),
(282, 11, 14, 325, '36251.03'),
(283, 11, 14, 5, '36140.38'),
(284, 11, 14, 29, '36140.38'),
(285, 11, 14, 34, '36140.38'),
(286, 11, 14, 54, '36140.38'),
(287, 11, 14, 57, '36140.38'),
(288, 11, 14, 91, '36140.38'),
(289, 11, 14, 104, '36140.38'),
(290, 11, 14, 106, '36140.38'),
(291, 11, 14, 113, '36140.38'),
(292, 11, 14, 145, '36140.38'),
(293, 11, 14, 147, '36140.38'),
(294, 11, 14, 163, '36140.38'),
(295, 11, 14, 180, '36140.38'),
(296, 11, 14, 212, '36140.38'),
(297, 11, 14, 251, '36140.38'),
(298, 11, 14, 256, '36140.38'),
(299, 11, 14, 259, '36140.38'),
(300, 11, 14, 279, '36140.38'),
(301, 11, 14, 280, '36140.38'),
(302, 11, 14, 281, '36140.38'),
(303, 11, 14, 284, '36140.38'),
(304, 11, 14, 287, '36140.38'),
(305, 11, 14, 295, '36140.38'),
(306, 11, 14, 313, '36140.38'),
(307, 11, 14, 318, '36140.38'),
(308, 11, 14, 325, '36140.38'),
(309, 11, 14, 5, '46895.48'),
(310, 11, 14, 29, '46895.48'),
(311, 11, 14, 34, '46895.48'),
(312, 11, 14, 54, '46895.48'),
(313, 11, 14, 57, '46895.48'),
(314, 11, 14, 91, '46895.48'),
(315, 11, 14, 104, '46895.48'),
(316, 11, 14, 106, '46895.48'),
(317, 11, 14, 113, '46895.48'),
(318, 11, 14, 145, '46895.48'),
(319, 11, 14, 147, '46895.48'),
(320, 11, 14, 163, '46895.48'),
(321, 11, 14, 180, '46895.48'),
(322, 11, 14, 212, '46895.48'),
(323, 11, 14, 251, '46895.48'),
(324, 11, 14, 256, '46895.48'),
(325, 11, 14, 259, '46895.48'),
(326, 11, 14, 279, '46895.48'),
(327, 11, 14, 280, '46895.48'),
(328, 11, 14, 281, '46895.48'),
(329, 11, 14, 284, '46895.48'),
(330, 11, 14, 287, '46895.48'),
(331, 11, 14, 295, '46895.48'),
(332, 11, 14, 313, '46895.48'),
(333, 11, 14, 318, '46895.48'),
(334, 11, 14, 325, '46895.48'),
(335, 11, 14, 5, '59830.55'),
(336, 11, 14, 29, '59830.55'),
(337, 11, 14, 34, '59830.55'),
(338, 11, 14, 54, '59830.55'),
(339, 11, 14, 57, '59830.55'),
(340, 11, 14, 91, '59830.55'),
(341, 11, 14, 104, '59830.55'),
(342, 11, 14, 106, '59830.55'),
(343, 11, 14, 113, '59830.55'),
(344, 11, 14, 145, '59830.55'),
(345, 11, 14, 147, '59830.55'),
(346, 11, 14, 163, '59830.55'),
(347, 11, 14, 180, '59830.55'),
(348, 11, 14, 212, '59830.55'),
(349, 11, 14, 251, '59830.55'),
(350, 11, 14, 256, '59830.55'),
(351, 11, 14, 259, '59830.55'),
(352, 11, 14, 279, '59830.55'),
(353, 11, 14, 280, '59830.55'),
(354, 11, 14, 281, '59830.55'),
(355, 11, 14, 284, '59830.55'),
(356, 11, 14, 287, '59830.55'),
(357, 11, 14, 295, '59830.55'),
(358, 11, 14, 313, '59830.55'),
(359, 11, 14, 318, '59830.55'),
(360, 11, 14, 325, '59830.55'),
(361, 11, 14, 5, '116208.40'),
(362, 11, 14, 29, '116208.40'),
(363, 11, 14, 34, '116208.40'),
(364, 11, 14, 54, '116208.40'),
(365, 11, 14, 57, '116208.40'),
(366, 11, 14, 91, '116208.40'),
(367, 11, 14, 104, '116208.40'),
(368, 11, 14, 106, '116208.40'),
(369, 11, 14, 113, '116208.40'),
(370, 11, 14, 145, '116208.40'),
(371, 11, 14, 147, '116208.40'),
(372, 11, 14, 163, '116208.40'),
(373, 11, 14, 180, '116208.40'),
(374, 11, 14, 212, '116208.40'),
(375, 11, 14, 251, '116208.40'),
(376, 11, 14, 256, '116208.40'),
(377, 11, 14, 259, '116208.40'),
(378, 11, 14, 279, '116208.40'),
(379, 11, 14, 280, '116208.40'),
(380, 11, 14, 281, '116208.40'),
(381, 11, 14, 284, '116208.40'),
(382, 11, 14, 287, '116208.40'),
(383, 11, 14, 295, '116208.40'),
(384, 11, 14, 313, '116208.40'),
(385, 11, 14, 318, '116208.40'),
(386, 11, 14, 325, '116208.40'),
(387, 11, 14, 5, '65071.26'),
(388, 11, 14, 29, '65071.26'),
(389, 11, 14, 34, '65071.26'),
(390, 11, 14, 54, '65071.26'),
(391, 11, 14, 57, '65071.26'),
(392, 11, 14, 91, '65071.26'),
(393, 11, 14, 104, '65071.26'),
(394, 11, 14, 106, '65071.26'),
(395, 11, 14, 113, '65071.26'),
(396, 11, 14, 145, '65071.26'),
(397, 11, 14, 147, '65071.26'),
(398, 11, 14, 163, '65071.26'),
(399, 11, 14, 180, '65071.26'),
(400, 11, 14, 212, '65071.26'),
(401, 11, 14, 251, '65071.26'),
(402, 11, 14, 256, '65071.26'),
(403, 11, 14, 259, '65071.26'),
(404, 11, 14, 279, '65071.26'),
(405, 11, 14, 280, '65071.26'),
(406, 11, 14, 281, '65071.26'),
(407, 11, 14, 284, '65071.26'),
(408, 11, 14, 287, '65071.26'),
(409, 11, 14, 295, '65071.26'),
(410, 11, 14, 313, '65071.26'),
(411, 11, 14, 318, '65071.26'),
(412, 11, 14, 325, '65071.26'),
(413, 11, 14, 5, '120166.58'),
(414, 11, 14, 29, '120166.58'),
(415, 11, 14, 34, '120166.58'),
(416, 11, 14, 54, '120166.58'),
(417, 11, 14, 57, '120166.58'),
(418, 11, 14, 91, '120166.58'),
(419, 11, 14, 104, '120166.58'),
(420, 11, 14, 106, '120166.58'),
(421, 11, 14, 113, '120166.58'),
(422, 11, 14, 145, '120166.58'),
(423, 11, 14, 147, '120166.58'),
(424, 11, 14, 163, '120166.58'),
(425, 11, 14, 180, '120166.58'),
(426, 11, 14, 212, '120166.58'),
(427, 11, 14, 251, '120166.58'),
(428, 11, 14, 256, '120166.58'),
(429, 11, 14, 259, '120166.58'),
(430, 11, 14, 279, '120166.58'),
(431, 11, 14, 280, '120166.58'),
(432, 11, 14, 281, '120166.58'),
(433, 11, 14, 284, '120166.58'),
(434, 11, 14, 287, '120166.58'),
(435, 11, 14, 295, '120166.58'),
(436, 11, 14, 313, '120166.58'),
(437, 11, 14, 318, '120166.58'),
(438, 11, 14, 325, '120166.58'),
(439, 11, 14, 5, '49539.37'),
(440, 11, 14, 29, '49539.37'),
(441, 11, 14, 34, '49539.37'),
(442, 11, 14, 54, '49539.37'),
(443, 11, 14, 57, '49539.37'),
(444, 11, 14, 91, '49539.37'),
(445, 11, 14, 104, '49539.37'),
(446, 11, 14, 106, '49539.37'),
(447, 11, 14, 113, '49539.37'),
(448, 11, 14, 145, '49539.37'),
(449, 11, 14, 147, '49539.37'),
(450, 11, 14, 163, '49539.37'),
(451, 11, 14, 180, '49539.37'),
(452, 11, 14, 212, '49539.37'),
(453, 11, 14, 251, '49539.37'),
(454, 11, 14, 256, '49539.37'),
(455, 11, 14, 259, '49539.37'),
(456, 11, 14, 279, '49539.37'),
(457, 11, 14, 280, '49539.37'),
(458, 11, 14, 281, '49539.37'),
(459, 11, 14, 284, '49539.37'),
(460, 11, 14, 287, '49539.37'),
(461, 11, 14, 295, '49539.37'),
(462, 11, 14, 313, '49539.37'),
(463, 11, 14, 318, '49539.37'),
(464, 11, 14, 325, '49539.37'),
(465, 11, 14, 5, '40206.20'),
(466, 11, 14, 29, '40206.20'),
(467, 11, 14, 34, '40206.20'),
(468, 11, 14, 54, '40206.20'),
(469, 11, 14, 57, '40206.20'),
(470, 11, 14, 91, '40206.20'),
(471, 11, 14, 104, '40206.20'),
(472, 11, 14, 106, '40206.20'),
(473, 11, 14, 113, '40206.20'),
(474, 11, 14, 145, '40206.20'),
(475, 11, 14, 147, '40206.20'),
(476, 11, 14, 163, '40206.20'),
(477, 11, 14, 180, '40206.20'),
(478, 11, 14, 212, '40206.20'),
(479, 11, 14, 251, '40206.20'),
(480, 11, 14, 256, '40206.20'),
(481, 11, 14, 259, '40206.20'),
(482, 11, 14, 279, '40206.20'),
(483, 11, 14, 280, '40206.20'),
(484, 11, 14, 281, '40206.20'),
(485, 11, 14, 284, '40206.20'),
(486, 11, 14, 287, '40206.20'),
(487, 11, 14, 295, '40206.20'),
(488, 11, 14, 313, '40206.20'),
(489, 11, 14, 318, '40206.20'),
(490, 11, 14, 325, '40206.20'),
(491, 11, 14, 5, '63843.55'),
(492, 11, 14, 29, '63843.55'),
(493, 11, 14, 34, '63843.55'),
(494, 11, 14, 54, '63843.55'),
(495, 11, 14, 57, '63843.55'),
(496, 11, 14, 91, '63843.55'),
(497, 11, 14, 104, '63843.55'),
(498, 11, 14, 106, '63843.55'),
(499, 11, 14, 113, '63843.55'),
(500, 11, 14, 145, '63843.55'),
(501, 11, 14, 147, '63843.55'),
(502, 11, 14, 163, '63843.55'),
(503, 11, 14, 180, '63843.55'),
(504, 11, 14, 212, '63843.55'),
(505, 11, 14, 251, '63843.55'),
(506, 11, 14, 256, '63843.55'),
(507, 11, 14, 259, '63843.55'),
(508, 11, 14, 279, '63843.55'),
(509, 11, 14, 280, '63843.55'),
(510, 11, 14, 281, '63843.55'),
(511, 11, 14, 284, '63843.55'),
(512, 11, 14, 287, '63843.55'),
(513, 11, 14, 295, '63843.55'),
(514, 11, 14, 313, '63843.55'),
(515, 11, 14, 318, '63843.55'),
(516, 11, 14, 325, '63843.55'),
(517, 11, 14, 5, '35420.74'),
(518, 11, 14, 29, '35420.74'),
(519, 11, 14, 34, '35420.74'),
(520, 11, 14, 54, '35420.74'),
(521, 11, 14, 57, '35420.74'),
(522, 11, 14, 91, '35420.74'),
(523, 11, 14, 104, '35420.74'),
(524, 11, 14, 106, '35420.74'),
(525, 11, 14, 113, '35420.74'),
(526, 11, 14, 145, '35420.74'),
(527, 11, 14, 147, '35420.74'),
(528, 11, 14, 163, '35420.74'),
(529, 11, 14, 180, '35420.74'),
(530, 11, 14, 212, '35420.74'),
(531, 11, 14, 251, '35420.74'),
(532, 11, 14, 256, '35420.74'),
(533, 11, 14, 259, '35420.74'),
(534, 11, 14, 279, '35420.74'),
(535, 11, 14, 280, '35420.74'),
(536, 11, 14, 281, '35420.74'),
(537, 11, 14, 284, '35420.74'),
(538, 11, 14, 287, '35420.74'),
(539, 11, 14, 295, '35420.74'),
(540, 11, 14, 313, '35420.74'),
(541, 11, 14, 318, '35420.74'),
(542, 11, 14, 325, '35420.74'),
(543, 11, 14, 5, '20009.53'),
(544, 11, 14, 29, '20009.53'),
(545, 11, 14, 34, '20009.53'),
(546, 11, 14, 54, '20009.53'),
(547, 11, 14, 57, '20009.53'),
(548, 11, 14, 91, '20009.53'),
(549, 11, 14, 104, '20009.53'),
(550, 11, 14, 106, '20009.53'),
(551, 11, 14, 113, '20009.53'),
(552, 11, 14, 145, '20009.53'),
(553, 11, 14, 147, '20009.53'),
(554, 11, 14, 163, '20009.53'),
(555, 11, 14, 180, '20009.53'),
(556, 11, 14, 212, '20009.53'),
(557, 11, 14, 251, '20009.53'),
(558, 11, 14, 256, '20009.53'),
(559, 11, 14, 259, '20009.53'),
(560, 11, 14, 279, '20009.53'),
(561, 11, 14, 280, '20009.53'),
(562, 11, 14, 281, '20009.53'),
(563, 11, 14, 284, '20009.53'),
(564, 11, 14, 287, '20009.53'),
(565, 11, 14, 295, '20009.53'),
(566, 11, 14, 313, '20009.53'),
(567, 11, 14, 318, '20009.53'),
(568, 11, 14, 325, '20009.53'),
(569, 11, 14, 5, '26155.91'),
(570, 11, 14, 29, '26155.91'),
(571, 11, 14, 34, '26155.91'),
(572, 11, 14, 54, '26155.91'),
(573, 11, 14, 57, '26155.91'),
(574, 11, 14, 91, '26155.91'),
(575, 11, 14, 104, '26155.91'),
(576, 11, 14, 106, '26155.91'),
(577, 11, 14, 113, '26155.91'),
(578, 11, 14, 145, '26155.91'),
(579, 11, 14, 147, '26155.91'),
(580, 11, 14, 163, '26155.91'),
(581, 11, 14, 180, '26155.91'),
(582, 11, 14, 212, '26155.91'),
(583, 11, 14, 251, '26155.91'),
(584, 11, 14, 256, '26155.91'),
(585, 11, 14, 259, '26155.91'),
(586, 11, 14, 279, '26155.91'),
(587, 11, 14, 280, '26155.91'),
(588, 11, 14, 281, '26155.91'),
(589, 11, 14, 284, '26155.91'),
(590, 11, 14, 287, '26155.91'),
(591, 11, 14, 295, '26155.91'),
(592, 11, 14, 313, '26155.91'),
(593, 11, 14, 318, '26155.91'),
(594, 11, 14, 325, '26155.91'),
(595, 23, 14, 81, '18997.89'),
(596, 23, 14, 125, '18997.89'),
(597, 23, 14, 81, '42783.81'),
(598, 23, 14, 125, '42783.81'),
(599, 38, 14, 142, '35157.75'),
(600, 38, 14, 156, '35157.75'),
(601, 38, 14, 306, '35157.75'),
(602, 38, 14, 142, '4632.31'),
(603, 38, 14, 156, '4632.31'),
(604, 38, 14, 306, '4632.31'),
(605, 38, 14, 142, '36069.26'),
(606, 38, 14, 156, '36069.26'),
(607, 38, 14, 306, '36069.26'),
(608, 48, 14, 37, '33818.34'),
(609, 48, 14, 79, '33818.34'),
(610, 48, 14, 298, '33818.34'),
(611, 48, 14, 37, '12432.32'),
(612, 48, 14, 79, '12432.32'),
(613, 48, 14, 298, '12432.32'),
(614, 48, 14, 37, '14232.70'),
(615, 48, 14, 79, '14232.70'),
(616, 48, 14, 298, '14232.70'),
(617, 52, 14, 117, '5759.42'),
(618, 52, 14, 205, '5759.42'),
(619, 52, 14, 117, '53116.99'),
(620, 52, 14, 205, '53116.99'),
(621, 13, 15, 6, '4710.73'),
(622, 13, 15, 139, '4710.73'),
(623, 13, 15, 157, '4710.73'),
(624, 13, 15, 228, '4710.73'),
(625, 13, 15, 307, '4710.73'),
(626, 13, 15, 6, '28211.70'),
(627, 13, 15, 139, '28211.70'),
(628, 13, 15, 157, '28211.70'),
(629, 13, 15, 228, '28211.70'),
(630, 13, 15, 307, '28211.70'),
(631, 13, 15, 6, '20564.86'),
(632, 13, 15, 139, '20564.86'),
(633, 13, 15, 157, '20564.86'),
(634, 13, 15, 228, '20564.86'),
(635, 13, 15, 307, '20564.86'),
(636, 13, 15, 6, '53959.21'),
(637, 13, 15, 139, '53959.21'),
(638, 13, 15, 157, '53959.21'),
(639, 13, 15, 228, '53959.21'),
(640, 13, 15, 307, '53959.21'),
(641, 43, 15, 62, '36164.46'),
(642, 43, 15, 215, '36164.46'),
(643, 43, 15, 62, '53745.34'),
(644, 43, 15, 215, '53745.34'),
(645, 50, 15, 181, '33924.24'),
(646, 50, 15, 194, '33924.24'),
(647, 50, 15, 181, '48298.99'),
(648, 50, 15, 194, '48298.99'),
(649, 57, 15, 7, '37654.09'),
(650, 57, 15, 74, '37654.09'),
(651, 57, 15, 229, '37654.09'),
(652, 57, 15, 7, '52151.81'),
(653, 57, 15, 74, '52151.81'),
(654, 57, 15, 229, '52151.81'),
(655, 57, 15, 7, '37723.79'),
(656, 57, 15, 74, '37723.79'),
(657, 57, 15, 229, '37723.79'),
(658, 66, 15, 122, '45352.47'),
(659, 66, 15, 174, '45352.47'),
(660, 66, 15, 324, '45352.47'),
(661, 66, 15, 122, '16901.38'),
(662, 66, 15, 174, '16901.38'),
(663, 66, 15, 324, '16901.38'),
(664, 90, 15, 17, '12081.52'),
(665, 90, 15, 45, '12081.52'),
(666, 90, 15, 239, '12081.52'),
(667, 90, 15, 267, '12081.52'),
(668, 90, 15, 17, '1627.56'),
(669, 90, 15, 45, '1627.56'),
(670, 90, 15, 239, '1627.56'),
(671, 90, 15, 267, '1627.56'),
(672, 90, 15, 17, '14379.90'),
(673, 90, 15, 45, '14379.90'),
(674, 90, 15, 239, '14379.90'),
(675, 90, 15, 267, '14379.90'),
(676, 90, 15, 17, '1128.20'),
(677, 90, 15, 45, '1128.20'),
(678, 90, 15, 239, '1128.20'),
(679, 90, 15, 267, '1128.20'),
(680, 91, 15, 20, '35826.33'),
(681, 91, 15, 170, '35826.33'),
(682, 91, 15, 242, '35826.33'),
(683, 91, 15, 320, '35826.33'),
(684, 91, 15, 20, '6419.84'),
(685, 91, 15, 170, '6419.84'),
(686, 91, 15, 242, '6419.84'),
(687, 91, 15, 320, '6419.84'),
(688, 91, 15, 20, '42813.83'),
(689, 91, 15, 170, '42813.83'),
(690, 91, 15, 242, '42813.83'),
(691, 91, 15, 320, '42813.83'),
(692, 93, 15, 77, '38524.29'),
(693, 93, 15, 167, '38524.29'),
(694, 93, 15, 317, '38524.29'),
(695, 93, 15, 77, '51619.02'),
(696, 93, 15, 167, '51619.02'),
(697, 93, 15, 317, '51619.02'),
(698, 104, 15, 65, '27121.90'),
(699, 104, 15, 71, '27121.90'),
(700, 104, 15, 293, '27121.90'),
(701, 104, 15, 65, '15130.97'),
(702, 104, 15, 71, '15130.97'),
(703, 104, 15, 293, '15130.97'),
(704, 104, 15, 65, '8807.12'),
(705, 104, 15, 71, '8807.12'),
(706, 104, 15, 293, '8807.12'),
(707, 112, 15, 58, '7612.06'),
(708, 112, 15, 119, '7612.06'),
(709, 112, 15, 58, '17746.26'),
(710, 112, 15, 119, '17746.26'),
(711, 29, 16, 56, '23602.90'),
(712, 29, 16, 200, '23602.90'),
(713, 29, 16, 278, '23602.90'),
(714, 29, 16, 56, '37602.48'),
(715, 29, 16, 200, '37602.48'),
(716, 29, 16, 278, '37602.48'),
(717, 29, 16, 56, '34341.08'),
(718, 29, 16, 200, '34341.08'),
(719, 29, 16, 278, '34341.08'),
(720, 30, 16, 11, '52825.29'),
(721, 30, 16, 207, '52825.29'),
(722, 30, 16, 233, '52825.29'),
(723, 30, 16, 11, '47159.11'),
(724, 30, 16, 207, '47159.11'),
(725, 30, 16, 233, '47159.11'),
(726, 30, 16, 11, '48425.69'),
(727, 30, 16, 207, '48425.69'),
(728, 30, 16, 233, '48425.69'),
(729, 33, 16, 154, '23908.24'),
(730, 33, 16, 203, '23908.24'),
(731, 33, 16, 304, '23908.24'),
(732, 33, 16, 154, '37258.94'),
(733, 33, 16, 203, '37258.94'),
(734, 33, 16, 304, '37258.94'),
(735, 47, 16, 133, '46788.14'),
(736, 47, 16, 217, '46788.14'),
(737, 47, 16, 133, '24995.61'),
(738, 47, 16, 217, '24995.61'),
(739, 65, 16, 52, '46770.52'),
(740, 65, 16, 140, '46770.52'),
(741, 65, 16, 274, '46770.52'),
(742, 65, 16, 52, '32723.04'),
(743, 65, 16, 140, '32723.04'),
(744, 65, 16, 274, '32723.04'),
(745, 65, 16, 52, '16212.59'),
(746, 65, 16, 140, '16212.59'),
(747, 65, 16, 274, '16212.59'),
(748, 71, 16, 30, '13671.82'),
(749, 71, 16, 76, '13671.82'),
(750, 71, 16, 252, '13671.82'),
(751, 71, 16, 30, '29429.14'),
(752, 71, 16, 76, '29429.14'),
(753, 71, 16, 252, '29429.14'),
(754, 71, 16, 30, '37455.77'),
(755, 71, 16, 76, '37455.77'),
(756, 71, 16, 252, '37455.77'),
(757, 74, 16, 42, '45785.34'),
(758, 74, 16, 148, '45785.34'),
(759, 74, 16, 264, '45785.34'),
(760, 74, 16, 42, '29716.86'),
(761, 74, 16, 148, '29716.86'),
(762, 74, 16, 264, '29716.86'),
(763, 74, 16, 42, '28394.54'),
(764, 74, 16, 148, '28394.54'),
(765, 74, 16, 264, '28394.54'),
(766, 120, 16, 87, '22275.73'),
(767, 120, 16, 114, '22275.73'),
(768, 120, 16, 87, '7310.42'),
(769, 120, 16, 114, '7310.42'),
(770, 5, 17, 4, '50218.95'),
(771, 5, 17, 59, '50218.95'),
(772, 5, 17, 210, '50218.95'),
(773, 5, 17, 226, '50218.95'),
(774, 5, 17, 4, '1491.38'),
(775, 5, 17, 59, '1491.38'),
(776, 5, 17, 210, '1491.38'),
(777, 5, 17, 226, '1491.38'),
(778, 5, 17, 4, '17876.32'),
(779, 5, 17, 59, '17876.32'),
(780, 5, 17, 210, '17876.32'),
(781, 5, 17, 226, '17876.32'),
(782, 5, 17, 4, '34638.14'),
(783, 5, 17, 59, '34638.14'),
(784, 5, 17, 210, '34638.14'),
(785, 5, 17, 226, '34638.14'),
(786, 8, 17, 2, '10549.01'),
(787, 8, 17, 131, '10549.01'),
(788, 8, 17, 201, '10549.01'),
(789, 8, 17, 224, '10549.01'),
(790, 8, 17, 2, '24101.81'),
(791, 8, 17, 131, '24101.81'),
(792, 8, 17, 201, '24101.81'),
(793, 8, 17, 224, '24101.81'),
(794, 8, 17, 2, '33820.62'),
(795, 8, 17, 131, '33820.62'),
(796, 8, 17, 201, '33820.62'),
(797, 8, 17, 224, '33820.62'),
(798, 8, 17, 2, '7466.32'),
(799, 8, 17, 131, '7466.32'),
(800, 8, 17, 201, '7466.32'),
(801, 8, 17, 224, '7466.32'),
(802, 12, 17, 13, '36005.71'),
(803, 12, 17, 221, '36005.71'),
(804, 12, 17, 227, '36005.71'),
(805, 12, 17, 235, '36005.71'),
(806, 12, 17, 13, '7674.94'),
(807, 12, 17, 221, '7674.94'),
(808, 12, 17, 227, '7674.94'),
(809, 12, 17, 235, '7674.94'),
(810, 20, 17, 82, '12538.01'),
(811, 20, 17, 89, '12538.01'),
(812, 20, 17, 190, '12538.01'),
(813, 20, 17, 82, '85024.46'),
(814, 20, 17, 89, '85024.46'),
(815, 20, 17, 190, '85024.46'),
(816, 31, 17, 121, '17359.53'),
(817, 31, 17, 198, '17359.53'),
(818, 31, 17, 121, '32538.74'),
(819, 31, 17, 198, '32538.74'),
(820, 53, 17, 92, '61234.67'),
(821, 53, 17, 211, '61234.67'),
(822, 53, 17, 92, '27988.47'),
(823, 53, 17, 211, '27988.47'),
(824, 62, 17, 185, '36798.88'),
(825, 62, 17, 202, '36798.88'),
(826, 62, 17, 185, '32260.16'),
(827, 62, 17, 202, '32260.16'),
(828, 98, 17, 197, '31310.09'),
(829, 102, 17, 68, '27966.54'),
(830, 102, 17, 192, '27966.54'),
(831, 102, 17, 290, '27966.54'),
(832, 102, 17, 68, '48809.90'),
(833, 102, 17, 192, '48809.90'),
(834, 102, 17, 290, '48809.90'),
(835, 40, 23, 19, '3101.40'),
(836, 40, 23, 98, '3101.40'),
(837, 40, 23, 241, '3101.40'),
(838, 40, 23, 19, '24945.21'),
(839, 40, 23, 98, '24945.21'),
(840, 40, 23, 241, '24945.21'),
(841, 40, 23, 19, '40473.86'),
(842, 40, 23, 98, '40473.86'),
(843, 40, 23, 241, '40473.86'),
(844, 61, 23, 126, '47375.92'),
(845, 61, 23, 188, '47375.92'),
(846, 61, 23, 126, '61402.00'),
(847, 61, 23, 188, '61402.00'),
(848, 77, 23, 78, '31428.21'),
(849, 77, 23, 132, '31428.21'),
(850, 77, 23, 78, '15322.93'),
(851, 77, 23, 132, '15322.93'),
(852, 107, 23, 27, '33145.56'),
(853, 107, 23, 115, '33145.56'),
(854, 107, 23, 249, '33145.56'),
(855, 107, 23, 27, '22162.61'),
(856, 107, 23, 115, '22162.61'),
(857, 107, 23, 249, '22162.61'),
(858, 107, 23, 27, '57131.92'),
(859, 107, 23, 115, '57131.92'),
(860, 107, 23, 249, '57131.92'),
(861, 117, 23, 85, '3474.66'),
(862, 117, 23, 204, '3474.66'),
(863, 117, 23, 85, '47513.19'),
(864, 117, 23, 204, '47513.19'),
(865, 6, 7, 14, '101244.59'),
(866, 6, 7, 36, '101244.59'),
(867, 6, 7, 43, '101244.59'),
(868, 6, 7, 83, '101244.59'),
(869, 6, 7, 130, '101244.59'),
(870, 6, 7, 172, '101244.59'),
(871, 6, 7, 183, '101244.59'),
(872, 6, 7, 213, '101244.59'),
(873, 6, 7, 236, '101244.59'),
(874, 6, 7, 258, '101244.59'),
(875, 6, 7, 269, '101244.59'),
(876, 6, 7, 272, '101244.59'),
(877, 6, 7, 283, '101244.59'),
(878, 6, 7, 286, '101244.59'),
(879, 6, 7, 291, '101244.59'),
(880, 6, 7, 297, '101244.59'),
(881, 6, 7, 322, '101244.59'),
(882, 6, 7, 14, '85410.87'),
(883, 6, 7, 36, '85410.87'),
(884, 6, 7, 43, '85410.87'),
(885, 6, 7, 83, '85410.87'),
(886, 6, 7, 130, '85410.87'),
(887, 6, 7, 172, '85410.87'),
(888, 6, 7, 183, '85410.87'),
(889, 6, 7, 213, '85410.87'),
(890, 6, 7, 236, '85410.87'),
(891, 6, 7, 258, '85410.87'),
(892, 6, 7, 269, '85410.87'),
(893, 6, 7, 272, '85410.87'),
(894, 6, 7, 283, '85410.87'),
(895, 6, 7, 286, '85410.87'),
(896, 6, 7, 291, '85410.87'),
(897, 6, 7, 297, '85410.87'),
(898, 6, 7, 322, '85410.87'),
(899, 6, 7, 14, '11044.30'),
(900, 6, 7, 36, '11044.30'),
(901, 6, 7, 43, '11044.30'),
(902, 6, 7, 83, '11044.30'),
(903, 6, 7, 130, '11044.30'),
(904, 6, 7, 172, '11044.30'),
(905, 6, 7, 183, '11044.30'),
(906, 6, 7, 213, '11044.30'),
(907, 6, 7, 236, '11044.30'),
(908, 6, 7, 258, '11044.30'),
(909, 6, 7, 269, '11044.30'),
(910, 6, 7, 272, '11044.30'),
(911, 6, 7, 283, '11044.30'),
(912, 6, 7, 286, '11044.30'),
(913, 6, 7, 291, '11044.30'),
(914, 6, 7, 297, '11044.30'),
(915, 6, 7, 322, '11044.30'),
(916, 6, 7, 14, '83598.04'),
(917, 6, 7, 36, '83598.04'),
(918, 6, 7, 43, '83598.04'),
(919, 6, 7, 83, '83598.04'),
(920, 6, 7, 130, '83598.04'),
(921, 6, 7, 172, '83598.04'),
(922, 6, 7, 183, '83598.04'),
(923, 6, 7, 213, '83598.04'),
(924, 6, 7, 236, '83598.04'),
(925, 6, 7, 258, '83598.04'),
(926, 6, 7, 269, '83598.04'),
(927, 6, 7, 272, '83598.04'),
(928, 6, 7, 283, '83598.04'),
(929, 6, 7, 286, '83598.04'),
(930, 6, 7, 291, '83598.04'),
(931, 6, 7, 297, '83598.04'),
(932, 6, 7, 322, '83598.04'),
(933, 6, 7, 14, '47142.70'),
(934, 6, 7, 36, '47142.70'),
(935, 6, 7, 43, '47142.70'),
(936, 6, 7, 83, '47142.70'),
(937, 6, 7, 130, '47142.70'),
(938, 6, 7, 172, '47142.70'),
(939, 6, 7, 183, '47142.70'),
(940, 6, 7, 213, '47142.70'),
(941, 6, 7, 236, '47142.70'),
(942, 6, 7, 258, '47142.70'),
(943, 6, 7, 269, '47142.70'),
(944, 6, 7, 272, '47142.70'),
(945, 6, 7, 283, '47142.70'),
(946, 6, 7, 286, '47142.70'),
(947, 6, 7, 291, '47142.70'),
(948, 6, 7, 297, '47142.70'),
(949, 6, 7, 322, '47142.70'),
(950, 6, 7, 14, '55639.66'),
(951, 6, 7, 36, '55639.66'),
(952, 6, 7, 43, '55639.66'),
(953, 6, 7, 83, '55639.66'),
(954, 6, 7, 130, '55639.66'),
(955, 6, 7, 172, '55639.66'),
(956, 6, 7, 183, '55639.66'),
(957, 6, 7, 213, '55639.66'),
(958, 6, 7, 236, '55639.66'),
(959, 6, 7, 258, '55639.66'),
(960, 6, 7, 269, '55639.66'),
(961, 6, 7, 272, '55639.66'),
(962, 6, 7, 283, '55639.66'),
(963, 6, 7, 286, '55639.66'),
(964, 6, 7, 291, '55639.66'),
(965, 6, 7, 297, '55639.66'),
(966, 6, 7, 322, '55639.66'),
(967, 6, 7, 14, '111654.40'),
(968, 6, 7, 36, '111654.40'),
(969, 6, 7, 43, '111654.40'),
(970, 6, 7, 83, '111654.40'),
(971, 6, 7, 130, '111654.40'),
(972, 6, 7, 172, '111654.40'),
(973, 6, 7, 183, '111654.40'),
(974, 6, 7, 213, '111654.40'),
(975, 6, 7, 236, '111654.40'),
(976, 6, 7, 258, '111654.40'),
(977, 6, 7, 269, '111654.40'),
(978, 6, 7, 272, '111654.40'),
(979, 6, 7, 283, '111654.40'),
(980, 6, 7, 286, '111654.40'),
(981, 6, 7, 291, '111654.40'),
(982, 6, 7, 297, '111654.40'),
(983, 6, 7, 322, '111654.40'),
(984, 6, 7, 14, '43369.30'),
(985, 6, 7, 36, '43369.30'),
(986, 6, 7, 43, '43369.30'),
(987, 6, 7, 83, '43369.30'),
(988, 6, 7, 130, '43369.30'),
(989, 6, 7, 172, '43369.30'),
(990, 6, 7, 183, '43369.30'),
(991, 6, 7, 213, '43369.30'),
(992, 6, 7, 236, '43369.30'),
(993, 6, 7, 258, '43369.30'),
(994, 6, 7, 269, '43369.30'),
(995, 6, 7, 272, '43369.30'),
(996, 6, 7, 283, '43369.30'),
(997, 6, 7, 286, '43369.30'),
(998, 6, 7, 291, '43369.30'),
(999, 6, 7, 297, '43369.30'),
(1000, 6, 7, 322, '43369.30'),
(1001, 6, 7, 14, '45084.38'),
(1002, 6, 7, 36, '45084.38'),
(1003, 6, 7, 43, '45084.38'),
(1004, 6, 7, 83, '45084.38'),
(1005, 6, 7, 130, '45084.38'),
(1006, 6, 7, 172, '45084.38'),
(1007, 6, 7, 183, '45084.38'),
(1008, 6, 7, 213, '45084.38'),
(1009, 6, 7, 236, '45084.38'),
(1010, 6, 7, 258, '45084.38'),
(1011, 6, 7, 269, '45084.38'),
(1012, 6, 7, 272, '45084.38'),
(1013, 6, 7, 283, '45084.38'),
(1014, 6, 7, 286, '45084.38'),
(1015, 6, 7, 291, '45084.38'),
(1016, 6, 7, 297, '45084.38'),
(1017, 6, 7, 322, '45084.38'),
(1018, 9, 7, 12, '26248.78'),
(1019, 9, 7, 102, '26248.78'),
(1020, 9, 7, 234, '26248.78'),
(1021, 9, 7, 12, '23923.93'),
(1022, 9, 7, 102, '23923.93'),
(1023, 9, 7, 234, '23923.93'),
(1024, 9, 7, 12, '16537.85'),
(1025, 9, 7, 102, '16537.85'),
(1026, 9, 7, 234, '16537.85'),
(1027, 18, 7, 41, '2434.25'),
(1028, 18, 7, 69, '2434.25'),
(1029, 18, 7, 218, '2434.25'),
(1030, 18, 7, 263, '2434.25'),
(1031, 18, 7, 41, '50743.65'),
(1032, 18, 7, 69, '50743.65'),
(1033, 18, 7, 218, '50743.65'),
(1034, 18, 7, 263, '50743.65'),
(1035, 18, 7, 41, '12692.19'),
(1036, 18, 7, 69, '12692.19'),
(1037, 18, 7, 218, '12692.19'),
(1038, 18, 7, 263, '12692.19'),
(1039, 18, 7, 41, '38675.13'),
(1040, 18, 7, 69, '38675.13'),
(1041, 18, 7, 218, '38675.13'),
(1042, 18, 7, 263, '38675.13'),
(1043, 69, 7, 60, '85559.12'),
(1044, 69, 7, 63, '85559.12'),
(1045, 69, 7, 282, '85559.12'),
(1046, 69, 7, 285, '85559.12'),
(1047, 69, 7, 60, '46781.66'),
(1048, 69, 7, 63, '46781.66'),
(1049, 69, 7, 282, '46781.66'),
(1050, 69, 7, 285, '46781.66'),
(1051, 103, 7, 151, '59551.38'),
(1052, 103, 7, 158, '59551.38'),
(1053, 103, 7, 301, '59551.38'),
(1054, 103, 7, 308, '59551.38'),
(1055, 119, 7, 50, '29997.09'),
(1056, 119, 7, 120, '29997.09'),
(1057, 119, 7, 50, '12573.28'),
(1058, 119, 7, 120, '12573.28'),
(1059, 2, 8, 25, '14191.12'),
(1060, 2, 8, 179, '14191.12'),
(1061, 2, 8, 247, '14191.12'),
(1062, 2, 8, 25, '32641.98'),
(1063, 2, 8, 179, '32641.98'),
(1064, 2, 8, 247, '32641.98'),
(1065, 2, 8, 25, '33347.88'),
(1066, 2, 8, 179, '33347.88'),
(1067, 2, 8, 247, '33347.88'),
(1068, 36, 8, 46, '3879.96'),
(1069, 36, 8, 90, '3879.96'),
(1070, 36, 8, 268, '3879.96'),
(1071, 36, 8, 46, '50342.74'),
(1072, 36, 8, 90, '50342.74'),
(1073, 36, 8, 268, '50342.74'),
(1074, 36, 8, 46, '39580.60'),
(1075, 36, 8, 90, '39580.60'),
(1076, 36, 8, 268, '39580.60'),
(1077, 41, 8, 55, '3452.75'),
(1078, 41, 8, 277, '3452.75'),
(1079, 41, 8, 55, '4465.85'),
(1080, 41, 8, 277, '4465.85'),
(1081, 46, 8, 123, '80375.24'),
(1082, 46, 8, 127, '80375.24'),
(1083, 78, 8, 61, '21053.69'),
(1084, 78, 8, 110, '21053.69'),
(1085, 78, 8, 61, '20452.50'),
(1086, 78, 8, 110, '20452.50'),
(1087, 113, 8, 100, '7678.25'),
(1088, 113, 8, 116, '7678.25'),
(1089, 113, 8, 100, '36070.47'),
(1090, 113, 8, 116, '36070.47'),
(1091, 25, 9, 129, '11843.45'),
(1092, 25, 9, 150, '11843.45'),
(1093, 25, 9, 129, '20355.24'),
(1094, 25, 9, 150, '20355.24'),
(1095, 35, 9, 177, '51152.86'),
(1096, 35, 9, 195, '51152.86'),
(1097, 35, 9, 177, '4424.40'),
(1098, 35, 9, 195, '4424.40'),
(1099, 68, 9, 44, '8307.28'),
(1100, 68, 9, 86, '8307.28'),
(1101, 68, 9, 266, '8307.28'),
(1102, 68, 9, 44, '41016.75'),
(1103, 68, 9, 86, '41016.75'),
(1104, 68, 9, 266, '41016.75'),
(1105, 68, 9, 44, '52548.49'),
(1106, 68, 9, 86, '52548.49'),
(1107, 68, 9, 266, '52548.49'),
(1108, 76, 9, 84, '23333.06'),
(1109, 76, 9, 208, '23333.06'),
(1110, 76, 9, 84, '34606.28'),
(1111, 76, 9, 208, '34606.28'),
(1112, 89, 9, 48, '28322.83'),
(1113, 89, 9, 175, '28322.83'),
(1114, 89, 9, 270, '28322.83'),
(1115, 89, 9, 48, '32680.31'),
(1116, 89, 9, 175, '32680.31'),
(1117, 89, 9, 270, '32680.31'),
(1118, 89, 9, 48, '12530.51'),
(1119, 89, 9, 175, '12530.51'),
(1120, 89, 9, 270, '12530.51'),
(1121, 121, 9, 108, '59265.14'),
(1122, 121, 9, 144, '59265.14'),
(1123, 121, 9, 108, '6276.60'),
(1124, 121, 9, 144, '6276.60'),
(1125, 17, 10, 173, '35152.12'),
(1126, 17, 10, 182, '35152.12'),
(1127, 17, 10, 219, '35152.12'),
(1128, 17, 10, 323, '35152.12'),
(1129, 17, 10, 173, '63357.13'),
(1130, 17, 10, 182, '63357.13'),
(1131, 17, 10, 219, '63357.13'),
(1132, 17, 10, 323, '63357.13'),
(1133, 32, 10, 31, '9658.74'),
(1134, 32, 10, 191, '9658.74'),
(1135, 32, 10, 253, '9658.74'),
(1136, 32, 10, 31, '6036.96'),
(1137, 32, 10, 191, '6036.96'),
(1138, 32, 10, 253, '6036.96'),
(1139, 32, 10, 31, '5858.56'),
(1140, 32, 10, 191, '5858.56'),
(1141, 32, 10, 253, '5858.56'),
(1142, 59, 10, 186, '47411.33'),
(1143, 59, 10, 206, '47411.33'),
(1144, 59, 10, 186, '43134.04'),
(1145, 59, 10, 206, '43134.04'),
(1146, 85, 10, 165, '18473.71'),
(1147, 85, 10, 196, '18473.71'),
(1148, 85, 10, 315, '18473.71'),
(1149, 85, 10, 165, '15059.76'),
(1150, 85, 10, 196, '15059.76'),
(1151, 85, 10, 315, '15059.76'),
(1152, 86, 10, 1, '50799.69'),
(1153, 86, 10, 93, '50799.69'),
(1154, 86, 10, 223, '50799.69'),
(1155, 86, 10, 1, '10223.83'),
(1156, 86, 10, 93, '10223.83'),
(1157, 86, 10, 223, '10223.83'),
(1158, 86, 10, 1, '55425.77'),
(1159, 86, 10, 93, '55425.77'),
(1160, 86, 10, 223, '55425.77'),
(1161, 109, 10, 67, '30293.77'),
(1162, 109, 10, 222, '30293.77'),
(1163, 109, 10, 289, '30293.77'),
(1164, 109, 10, 67, '9977.85'),
(1165, 109, 10, 222, '9977.85'),
(1166, 109, 10, 289, '9977.85'),
(1167, 109, 10, 67, '48355.87'),
(1168, 109, 10, 222, '48355.87'),
(1169, 109, 10, 289, '48355.87'),
(1170, 16, 11, 28, '58793.53'),
(1171, 16, 11, 105, '58793.53'),
(1172, 16, 11, 168, '58793.53'),
(1173, 16, 11, 250, '58793.53'),
(1174, 16, 11, 28, '20314.44'),
(1175, 16, 11, 105, '20314.44'),
(1176, 16, 11, 168, '20314.44'),
(1177, 16, 11, 250, '20314.44'),
(1178, 16, 11, 28, '58841.35'),
(1179, 16, 11, 105, '58841.35'),
(1180, 16, 11, 168, '58841.35'),
(1181, 16, 11, 250, '58841.35'),
(1182, 16, 11, 28, '39964.63'),
(1183, 16, 11, 105, '39964.63'),
(1184, 16, 11, 168, '39964.63'),
(1185, 16, 11, 250, '39964.63'),
(1186, 28, 11, 3, '22602.36'),
(1187, 28, 11, 138, '22602.36'),
(1188, 28, 11, 225, '22602.36'),
(1189, 28, 11, 3, '5494.78'),
(1190, 28, 11, 138, '5494.78'),
(1191, 28, 11, 225, '5494.78'),
(1192, 28, 11, 3, '44400.50'),
(1193, 28, 11, 138, '44400.50'),
(1194, 28, 11, 225, '44400.50'),
(1195, 44, 11, 72, '29070.38'),
(1196, 44, 11, 162, '29070.38'),
(1197, 44, 11, 312, '29070.38'),
(1198, 44, 11, 72, '22997.45'),
(1199, 44, 11, 162, '22997.45'),
(1200, 44, 11, 312, '22997.45'),
(1201, 44, 11, 72, '16909.84'),
(1202, 44, 11, 162, '16909.84'),
(1203, 44, 11, 312, '16909.84'),
(1204, 99, 11, 16, '25505.98'),
(1205, 99, 11, 64, '25505.98'),
(1206, 99, 11, 238, '25505.98'),
(1207, 99, 11, 16, '21665.98'),
(1208, 99, 11, 64, '21665.98'),
(1209, 99, 11, 238, '21665.98'),
(1210, 99, 11, 16, '22042.37'),
(1211, 99, 11, 64, '22042.37'),
(1212, 99, 11, 238, '22042.37'),
(1213, 105, 11, 97, '38139.18'),
(1214, 105, 11, 146, '38139.18'),
(1215, 105, 11, 97, '32239.47'),
(1216, 105, 11, 146, '32239.47'),
(1217, 106, 11, 143, '27550.51'),
(1218, 106, 11, 220, '27550.51'),
(1219, 106, 11, 143, '1679.92'),
(1220, 106, 11, 220, '1679.92'),
(1221, 10, 12, 8, '22292.62'),
(1222, 10, 12, 149, '22292.62'),
(1223, 10, 12, 193, '22292.62'),
(1224, 10, 12, 230, '22292.62'),
(1225, 10, 12, 8, '50025.35'),
(1226, 10, 12, 149, '50025.35'),
(1227, 10, 12, 193, '50025.35'),
(1228, 10, 12, 230, '50025.35'),
(1229, 10, 12, 8, '35321.97'),
(1230, 10, 12, 149, '35321.97'),
(1231, 10, 12, 193, '35321.97'),
(1232, 10, 12, 230, '35321.97'),
(1233, 26, 12, 73, '28500.78'),
(1234, 26, 12, 164, '28500.78'),
(1235, 26, 12, 314, '28500.78'),
(1236, 26, 12, 73, '24879.08'),
(1237, 26, 12, 164, '24879.08'),
(1238, 26, 12, 314, '24879.08'),
(1239, 26, 12, 73, '42044.77'),
(1240, 26, 12, 164, '42044.77'),
(1241, 26, 12, 314, '42044.77'),
(1242, 34, 12, 107, '36527.61'),
(1243, 34, 12, 214, '36527.61'),
(1244, 34, 12, 107, '33594.58'),
(1245, 34, 12, 214, '33594.58'),
(1246, 54, 12, 136, '37527.58'),
(1247, 54, 12, 184, '37527.58'),
(1248, 54, 12, 136, '29284.42'),
(1249, 54, 12, 184, '29284.42'),
(1250, 67, 12, 96, '42339.76'),
(1251, 67, 12, 209, '42339.76'),
(1252, 67, 12, 96, '36092.40'),
(1253, 67, 12, 209, '36092.40'),
(1254, 72, 12, 134, '7178.66'),
(1255, 72, 12, 152, '7178.66'),
(1256, 72, 12, 302, '7178.66'),
(1257, 72, 12, 134, '31102.85'),
(1258, 72, 12, 152, '31102.85'),
(1259, 72, 12, 302, '31102.85'),
(1260, 101, 12, 32, '6631.36'),
(1261, 101, 12, 47, '6631.36'),
(1262, 101, 12, 254, '6631.36'),
(1263, 101, 12, 32, '17032.29'),
(1264, 101, 12, 47, '17032.29'),
(1265, 101, 12, 254, '17032.29'),
(1266, 101, 12, 32, '26304.13'),
(1267, 101, 12, 47, '26304.13'),
(1268, 101, 12, 254, '26304.13'),
(1269, 118, 12, 10, '5899.38'),
(1270, 118, 12, 137, '5899.38'),
(1271, 118, 12, 232, '5899.38'),
(1272, 118, 12, 10, '45994.07'),
(1273, 118, 12, 137, '45994.07'),
(1274, 118, 12, 232, '45994.07'),
(1275, 118, 12, 10, '25833.14'),
(1276, 118, 12, 137, '25833.14'),
(1277, 118, 12, 232, '25833.14');

--
-- Indexes for dumped tables
--

--
-- Indeks untuk tabel `dim_pekerja`
--
ALTER TABLE `dim_pekerja`
  ADD PRIMARY KEY (`idPekerja`);

--
-- Indeks untuk tabel `dim_pelanggan`
--
ALTER TABLE `dim_pelanggan`
  ADD PRIMARY KEY (`idPelanggan`);

--
-- Indeks untuk tabel `dim_pesanan`
--
ALTER TABLE `dim_pesanan`
  ADD PRIMARY KEY (`idPesanan`);
COMMIT;

/*!40101 SET CHARACTER_SET_CLIENT=@OLD_CHARACTER_SET_CLIENT */;
/*!40101 SET CHARACTER_SET_RESULTS=@OLD_CHARACTER_SET_RESULTS */;
/*!40101 SET COLLATION_CONNECTION=@OLD_COLLATION_CONNECTION */;
